-1.593255013631383221e+00,-1.303572283880222615e+00,-1.013889554129062009e+00,-6.427037589599591261e-01,-3.173740132941353931e-01,1.489319554935450429e-01,1.540620311952901167e+00
-1.303572283880222615e+00,-1.013889554129062009e+00,-7.242068243779014036e-01,-3.173740132941353931e-01,1.489319554935450429e-01,1.540620311952901167e+00,-5.414900603083694364e-01
-1.013889554129062009e+00,-7.242068243779014036e-01,-4.345240946267408533e-01,1.489319554935450429e-01,1.540620311952901167e+00,-5.414900603083694364e-01,1.880409157426094602e+00
-7.242068243779014036e-01,-4.345240946267408533e-01,-1.448413648755802752e-01,1.540620311952901167e+00,-5.414900603083694364e-01,1.880409157426094602e+00,-5.451048352602119174e-01
-4.345240946267408533e-01,-1.448413648755802752e-01,1.448413648755802752e-01,-5.414900603083694364e-01,1.880409157426094602e+00,-5.451048352602119174e-01,-1.206608651447386382e+00
-1.448413648755802752e-01,1.448413648755802752e-01,4.345240946267408533e-01,1.880409157426094602e+00,-5.451048352602119174e-01,-1.206608651447386382e+00,-2.081384189793267669e+00
1.448413648755802752e-01,4.345240946267408533e-01,7.242068243779014036e-01,-5.451048352602119174e-01,-1.206608651447386382e+00,-2.081384189793267669e+00,-2.446476459929358693e+00
4.345240946267408533e-01,7.242068243779014036e-01,1.013889554129062009e+00,-1.206608651447386382e+00,-2.081384189793267669e+00,-2.446476459929358693e+00,-2.291041137000131567e+00
7.242068243779014036e-01,1.013889554129062009e+00,1.303572283880222615e+00,-2.081384189793267669e+00,-2.446476459929358693e+00,-2.291041137000131567e+00,-1.181305226784489237e+00
1.013889554129062009e+00,1.303572283880222615e+00,1.593255013631383221e+00,-2.446476459929358693e+00,-2.291041137000131567e+00,-1.181305226784489237e+00,-2.074154639889582707e+00
1.303572283880222615e+00,1.593255013631383221e+00,-1.593255013631383221e+00,-2.291041137000131567e+00,-1.181305226784489237e+00,-2.074154639889582707e+00,4.525730514483136124e-01
1.593255013631383221e+00,-1.593255013631383221e+00,-1.303572283880222615e+00,-1.181305226784489237e+00,-2.074154639889582707e+00,4.525730514483136124e-01,-2.406713935459091402e+00
-1.593255013631383221e+00,-1.303572283880222615e+00,-1.013889554129062009e+00,-2.074154639889582707e+00,4.525730514483136124e-01,-2.406713935459091402e+00,-1.871727242586403550e+00
-1.303572283880222615e+00,-1.013889554129062009e+00,-7.242068243779014036e-01,4.525730514483136124e-01,-2.406713935459091402e+00,-1.871727242586403550e+00,-2.215130863011439910e+00
-1.013889554129062009e+00,-7.242068243779014036e-01,-4.345240946267408533e-01,-2.406713935459091402e+00,-1.871727242586403550e+00,-2.215130863011439910e+00,-1.651225970524012210e+00
-7.242068243779014036e-01,-4.345240946267408533e-01,-1.448413648755802752e-01,-1.871727242586403550e+00,-2.215130863011439910e+00,-1.651225970524012210e+00,-2.099458064552480074e+00
-4.345240946267408533e-01,-1.448413648755802752e-01,1.448413648755802752e-01,-2.215130863011439910e+00,-1.651225970524012210e+00,-2.099458064552480074e+00,8.248948714880892652e-01
-1.448413648755802752e-01,1.448413648755802752e-01,4.345240946267408533e-01,-1.651225970524012210e+00,-2.099458064552480074e+00,8.248948714880892652e-01,-2.812262637757106942e-01
1.448413648755802752e-01,4.345240946267408533e-01,7.242068243779014036e-01,-2.099458064552480074e+00,8.248948714880892652e-01,-2.812262637757106942e-01,-2.471779884592256060e+00
4.345240946267408533e-01,7.242068243779014036e-01,1.013889554129062009e+00,8.248948714880892652e-01,-2.812262637757106942e-01,-2.471779884592256060e+00,-1.705447594801649647e+00
7.242068243779014036e-01,1.013889554129062009e+00,1.303572283880222615e+00,-2.812262637757106942e-01,-2.471779884592256060e+00,-1.705447594801649647e+00,-2.218745637963282391e+00
1.013889554129062009e+00,1.303572283880222615e+00,1.593255013631383221e+00,-2.471779884592256060e+00,-1.705447594801649647e+00,-2.218745637963282391e+00,-1.730751019464546792e+00
1.303572283880222615e+00,1.593255013631383221e+00,-1.593255013631383221e+00,-1.705447594801649647e+00,-2.218745637963282391e+00,-1.730751019464546792e+00,-2.807953955113607236e+00
1.593255013631383221e+00,-1.593255013631383221e+00,-1.303572283880222615e+00,-2.218745637963282391e+00,-1.730751019464546792e+00,-2.807953955113607236e+00,-2.323574111566713896e+00
-1.593255013631383221e+00,-1.303572283880222615e+00,-1.013889554129062009e+00,-1.730751019464546792e+00,-2.807953955113607236e+00,-2.323574111566713896e+00,-1.763283994031129343e+00
-1.303572283880222615e+00,-1.013889554129062009e+00,-7.242068243779014036e-01,-2.807953955113607236e+00,-2.323574111566713896e+00,-1.763283994031129343e+00,-1.734365794416389495e+00
-1.013889554129062009e+00,-7.242068243779014036e-01,-4.345240946267408533e-01,-2.323574111566713896e+00,-1.763283994031129343e+00,-1.734365794416389495e+00,1.945475106559259260e+00
-7.242068243779014036e-01,-4.345240946267408533e-01,-1.448413648755802752e-01,-1.763283994031129343e+00,-1.734365794416389495e+00,1.945475106559259260e+00,-3.607513127162452760e-01
-4.345240946267408533e-01,-1.448413648755802752e-01,1.448413648755802752e-01,-1.734365794416389495e+00,1.945475106559259260e+00,-3.607513127162452760e-01,-2.330803661470399302e+00
-1.448413648755802752e-01,1.448413648755802752e-01,4.345240946267408533e-01,1.945475106559259260e+00,-3.607513127162452760e-01,-2.330803661470399302e+00,-2.594682232954900414e+00
1.448413648755802752e-01,4.345240946267408533e-01,7.242068243779014036e-01,-3.607513127162452760e-01,-2.330803661470399302e+00,-2.594682232954900414e+00,-9.897221543368375229e-01
4.345240946267408533e-01,7.242068243779014036e-01,1.013889554129062009e+00,-2.330803661470399302e+00,-2.594682232954900414e+00,-9.897221543368375229e-01,-1.503020197498470267e+00
7.242068243779014036e-01,1.013889554129062009e+00,1.303572283880222615e+00,-2.594682232954900414e+00,-9.897221543368375229e-01,-1.503020197498470267e+00,-2.457724219489435674e-02
1.013889554129062009e+00,1.303572283880222615e+00,1.593255013631383221e+00,-9.897221543368375229e-01,-1.503020197498470267e+00,-2.457724219489435674e-02,1.316504264938667568e+00
1.303572283880222615e+00,1.593255013631383221e+00,-1.593255013631383221e+00,-1.503020197498470267e+00,-2.457724219489435674e-02,1.316504264938667568e+00,-2.591067458003057933e+00
1.593255013631383221e+00,-1.593255013631383221e+00,-1.303572283880222615e+00,-2.457724219489435674e-02,1.316504264938667568e+00,-2.591067458003057933e+00,-2.486238984399625984e+00
-1.593255013631383221e+00,-1.303572283880222615e+00,-1.013889554129062009e+00,1.316504264938667568e+00,-2.591067458003057933e+00,-2.486238984399625984e+00,7.955732371687947863e-03
-1.303572283880222615e+00,-1.013889554129062009e+00,-7.242068243779014036e-01,-2.591067458003057933e+00,-2.486238984399625984e+00,7.955732371687947863e-03,-1.842809042971663480e+00
-1.013889554129062009e+00,-7.242068243779014036e-01,-4.345240946267408533e-01,-2.486238984399625984e+00,7.955732371687947863e-03,-1.842809042971663480e+00,-2.500698084206995908e+00
-7.242068243779014036e-01,-4.345240946267408533e-01,-1.448413648755802752e-01,7.955732371687947863e-03,-1.842809042971663480e+00,-2.500698084206995908e+00,-2.507927634110680870e+00
-4.345240946267408533e-01,-1.448413648755802752e-01,1.448413648755802752e-01,-1.842809042971663480e+00,-2.500698084206995908e+00,-2.507927634110680870e+00,-2.565764033340160566e+00
-1.448413648755802752e-01,1.448413648755802752e-01,4.345240946267408533e-01,-2.500698084206995908e+00,-2.507927634110680870e+00,-2.565764033340160566e+00,-2.540460608677263199e+00
1.448413648755802752e-01,4.345240946267408533e-01,7.242068243779014036e-01,-2.507927634110680870e+00,-2.565764033340160566e+00,-2.540460608677263199e+00,-2.038006890371157898e+00
4.345240946267408533e-01,7.242068243779014036e-01,1.013889554129062009e+00,-2.565764033340160566e+00,-2.540460608677263199e+00,-2.038006890371157898e+00,-2.038006890371157898e+00
7.242068243779014036e-01,1.013889554129062009e+00,1.303572283880222615e+00,-2.540460608677263199e+00,-2.038006890371157898e+00,-2.038006890371157898e+00,-1.831964718116136259e+00
1.013889554129062009e+00,1.303572283880222615e+00,1.593255013631383221e+00,-2.038006890371157898e+00,-2.038006890371157898e+00,-1.831964718116136259e+00,-1.980170491141678202e+00
1.303572283880222615e+00,1.593255013631383221e+00,-1.593255013631383221e+00,-2.038006890371157898e+00,-1.831964718116136259e+00,-1.980170491141678202e+00,9.109555626406523610e-02
1.593255013631383221e+00,-1.593255013631383221e+00,-1.303572283880222615e+00,-1.831964718116136259e+00,-1.980170491141678202e+00,9.109555626406523610e-02,-1.622307770909272362e+00
-1.593255013631383221e+00,-1.303572283880222615e+00,-1.013889554129062009e+00,-1.980170491141678202e+00,9.109555626406523610e-02,-1.622307770909272362e+00,-1.456028123124518014e+00
-1.303572283880222615e+00,-1.013889554129062009e+00,-7.242068243779014036e-01,9.109555626406523610e-02,-1.622307770909272362e+00,-1.456028123124518014e+00,-2.482624209447783503e+00
-1.013889554129062009e+00,-7.242068243779014036e-01,-4.345240946267408533e-01,-1.622307770909272362e+00,-1.456028123124518014e+00,-2.482624209447783503e+00,-2.142835363974589846e+00
-7.242068243779014036e-01,-4.345240946267408533e-01,-1.448413648755802752e-01,-1.456028123124518014e+00,-2.482624209447783503e+00,-2.142835363974589846e+00,5.393276502925333782e-01
-4.345240946267408533e-01,-1.448413648755802752e-01,1.448413648755802752e-01,-2.482624209447783503e+00,-2.142835363974589846e+00,5.393276502925333782e-01,-1.452413348172675533e+00
-1.448413648755802752e-01,1.448413648755802752e-01,4.345240946267408533e-01,-2.142835363974589846e+00,5.393276502925333782e-01,-1.452413348172675533e+00,-1.318666674954503737e+00
1.448413648755802752e-01,4.345240946267408533e-01,7.242068243779014036e-01,5.393276502925333782e-01,-1.452413348172675533e+00,-1.318666674954503737e+00,-2.515157184014365832e+00
4.345240946267408533e-01,7.242068243779014036e-01,1.013889554129062009e+00,-1.452413348172675533e+00,-1.318666674954503737e+00,-2.515157184014365832e+00,-1.915104542008513544e+00
7.242068243779014036e-01,1.013889554129062009e+00,1.303572283880222615e+00,-1.318666674954503737e+00,-2.515157184014365832e+00,-1.915104542008513544e+00,-2.240434287674336833e+00
1.013889554129062009e+00,1.303572283880222615e+00,1.593255013631383221e+00,-2.515157184014365832e+00,-1.915104542008513544e+00,-2.240434287674336833e+00,-2.215130863011439910e+00
1.303572283880222615e+00,1.593255013631383221e+00,-1.593255013631383221e+00,-1.915104542008513544e+00,-2.240434287674336833e+00,-2.215130863011439910e+00,-8.993527805407754983e-01
1.593255013631383221e+00,-1.593255013631383221e+00,-1.303572283880222615e+00,-2.240434287674336833e+00,-2.215130863011439910e+00,-8.993527805407754983e-01,-1.897030667249300917e+00
-1.593255013631383221e+00,-1.303572283880222615e+00,-1.013889554129062009e+00,-2.215130863011439910e+00,-8.993527805407754983e-01,-1.897030667249300917e+00,-2.312729786711186897e+00
-1.303572283880222615e+00,-1.013889554129062009e+00,-7.242068243779014036e-01,-8.993527805407754983e-01,-1.897030667249300917e+00,-2.312729786711186897e+00,-2.312729786711186897e+00
-1.013889554129062009e+00,-7.242068243779014036e-01,-4.345240946267408533e-01,-1.897030667249300917e+00,-2.312729786711186897e+00,-2.312729786711186897e+00,-1.333125774761873661e+00
-7.242068243779014036e-01,-4.345240946267408533e-01,-1.448413648755802752e-01,-2.312729786711186897e+00,-2.312729786711186897e+00,-1.333125774761873661e+00,-1.213838201351071566e+00
-4.345240946267408533e-01,-1.448413648755802752e-01,1.448413648755802752e-01,-2.312729786711186897e+00,-1.333125774761873661e+00,-1.213838201351071566e+00,-8.017538568410285116e-01
-1.448413648755802752e-01,1.448413648755802752e-01,4.345240946267408533e-01,-1.333125774761873661e+00,-1.213838201351071566e+00,-8.017538568410285116e-01,-1.362043974376613509e+00
1.448413648755802752e-01,4.345240946267408533e-01,7.242068243779014036e-01,-1.213838201351071566e+00,-8.017538568410285116e-01,-1.362043974376613509e+00,-1.517479297305840191e+00
4.345240946267408533e-01,7.242068243779014036e-01,1.013889554129062009e+00,-8.017538568410285116e-01,-1.362043974376613509e+00,-1.517479297305840191e+00,-1.416265598654250502e+00
7.242068243779014036e-01,1.013889554129062009e+00,1.303572283880222615e+00,-1.362043974376613509e+00,-1.517479297305840191e+00,-1.416265598654250502e+00,-9.318857551073577161e-01
1.013889554129062009e+00,1.303572283880222615e+00,1.593255013631383221e+00,-1.517479297305840191e+00,-1.416265598654250502e+00,-9.318857551073577161e-01,-1.799431743549554152e+00
1.303572283880222615e+00,1.593255013631383221e+00,-1.593255013631383221e+00,-1.416265598654250502e+00,-9.318857551073577161e-01,-1.799431743549554152e+00,3.079820533746141509e-01
1.593255013631383221e+00,-1.593255013631383221e+00,-1.303572283880222615e+00,-9.318857551073577161e-01,-1.799431743549554152e+00,3.079820533746141509e-01,-9.065823304444602382e-01
-1.593255013631383221e+00,-1.303572283880222615e+00,-1.013889554129062009e+00,-1.799431743549554152e+00,3.079820533746141509e-01,-9.065823304444602382e-01,-1.607848671101902216e+00
-1.303572283880222615e+00,-1.013889554129062009e+00,-7.242068243779014036e-01,3.079820533746141509e-01,-9.065823304444602382e-01,-1.607848671101902216e+00,-1.878956792490088512e+00
-1.013889554129062009e+00,-7.242068243779014036e-01,-4.345240946267408533e-01,-9.065823304444602382e-01,-1.607848671101902216e+00,-1.878956792490088512e+00,-9.138118803481454222e-01
-7.242068243779014036e-01,-4.345240946267408533e-01,-1.448413648755802752e-01,-1.607848671101902216e+00,-1.878956792490088512e+00,-9.138118803481454222e-01,-2.306194144499160437e-01
-4.345240946267408533e-01,-1.448413648755802752e-01,1.448413648755802752e-01,-1.878956792490088512e+00,-9.138118803481454222e-01,-2.306194144499160437e-01,-1.915104542008513544e+00
-1.448413648755802752e-01,1.448413648755802752e-01,4.345240946267408533e-01,-9.138118803481454222e-01,-2.306194144499160437e-01,-1.915104542008513544e+00,-2.204286538155912023e+00
1.448413648755802752e-01,4.345240946267408533e-01,7.242068243779014036e-01,-2.306194144499160437e-01,-1.915104542008513544e+00,-2.204286538155912023e+00,-1.810276068405081373e+00
4.345240946267408533e-01,7.242068243779014036e-01,1.013889554129062009e+00,-1.915104542008513544e+00,-2.204286538155912023e+00,-1.810276068405081373e+00,-1.911489767056670841e+00
7.242068243779014036e-01,1.013889554129062009e+00,1.303572283880222615e+00,-2.204286538155912023e+00,-1.810276068405081373e+00,-1.911489767056670841e+00,-1.553627046824265223e+00
-1.593255013631383221e+00,-1.303572283880222615e+00,-1.013889554129062009e+00,6.260822491367530329e-01,1.504472562434476579e+00,2.103831296748672197e-01,3.296707030856692588e-01
-1.303572283880222615e+00,-1.013889554129062009e+00,-7.242068243779014036e-01,1.504472562434476579e+00,2.103831296748672197e-01,3.296707030856692588e-01,3.947366522188338611e-01
-1.013889554129062009e+00,-7.242068243779014036e-01,-4.345240946267408533e-01,2.103831296748672197e-01,3.296707030856692588e-01,3.947366522188338611e-01,2.122599079199540828e+00
-7.242068243779014036e-01,-4.345240946267408533e-01,-1.448413648755802752e-01,3.296707030856692588e-01,3.947366522188338611e-01,2.122599079199540828e+00,8.465835211991443732e-01
-4.345240946267408533e-01,-1.448413648755802752e-01,1.448413648755802752e-01,3.947366522188338611e-01,2.122599079199540828e+00,8.465835211991443732e-01,-1.109009727747639618e+00
-1.448413648755802752e-01,1.448413648755802752e-01,4.345240946267408533e-01,2.122599079199540828e+00,8.465835211991443732e-01,-1.109009727747639618e+00,-1.908568899796486140e-01
1.448413648755802752e-01,4.345240946267408533e-01,7.242068243779014036e-01,8.465835211991443732e-01,-1.109009727747639618e+00,-1.908568899796486140e-01,-4.294320368012525813e-01
4.345240946267408533e-01,7.242068243779014036e-01,1.013889554129062009e+00,-1.109009727747639618e+00,-1.908568899796486140e-01,-4.294320368012525813e-01,5.537867500999029691e-01
7.242068243779014036e-01,1.013889554129062009e+00,1.303572283880222615e+00,-1.908568899796486140e-01,-4.294320368012525813e-01,5.537867500999029691e-01,7.092220730291296515e-01
1.013889554129062009e+00,1.303572283880222615e+00,1.593255013631383221e+00,-4.294320368012525813e-01,5.537867500999029691e-01,7.092220730291296515e-01,7.598289223549246074e-01
1.303572283880222615e+00,1.593255013631383221e+00,-1.593255013631383221e+00,5.537867500999029691e-01,7.092220730291296515e-01,7.598289223549246074e-01,9.875597443210014648e-01
1.593255013631383221e+00,-1.593255013631383221e+00,-1.303572283880222615e+00,7.092220730291296515e-01,7.598289223549246074e-01,9.875597443210014648e-01,2.139979046267096452e-01
-1.593255013631383221e+00,-1.303572283880222615e+00,-1.013889554129062009e+00,7.598289223549246074e-01,9.875597443210014648e-01,2.139979046267096452e-01,2.180435478429020968e+00
-1.303572283880222615e+00,-1.013889554129062009e+00,-7.242068243779014036e-01,9.875597443210014648e-01,2.139979046267096452e-01,2.180435478429020968e+00,1.446636163204996661e+00
-1.013889554129062009e+00,-7.242068243779014036e-01,-4.345240946267408533e-01,2.139979046267096452e-01,2.180435478429020968e+00,1.446636163204996661e+00,2.050303580162691652e+00
-7.242068243779014036e-01,-4.345240946267408533e-01,-1.448413648755802752e-01,2.180435478429020968e+00,1.446636163204996661e+00,2.050303580162691652e+00,2.609899790006622311e-01
-4.345240946267408533e-01,-1.448413648755802752e-01,1.448413648755802752e-01,1.446636163204996661e+00,2.050303580162691652e+00,2.609899790006622311e-01,1.226134891142605321e+00
-1.448413648755802752e-01,1.448413648755802752e-01,4.345240946267408533e-01,2.050303580162691652e+00,2.609899790006622311e-01,1.226134891142605321e+00,-2.486932892091283931e-01
1.448413648755802752e-01,4.345240946267408533e-01,7.242068243779014036e-01,2.609899790006622311e-01,1.226134891142605321e+00,-2.486932892091283931e-01,3.369002529893540543e-01
4.345240946267408533e-01,7.242068243779014036e-01,1.013889554129062009e+00,1.226134891142605321e+00,-2.486932892091283931e-01,3.369002529893540543e-01,7.056072980772872816e-01
7.242068243779014036e-01,1.013889554129062009e+00,1.303572283880222615e+00,-2.486932892091283931e-01,3.369002529893540543e-01,7.056072980772872816e-01,2.573752040488191395e-01
1.013889554129062009e+00,1.303572283880222615e+00,1.593255013631383221e+00,3.369002529893540543e-01,7.056072980772872816e-01,2.573752040488191395e-01,3.152116032782989463e-01
1.303572283880222615e+00,1.593255013631383221e+00,-1.593255013631383221e+00,7.056072980772872816e-01,2.573752040488191395e-01,3.152116032782989463e-01,1.515316887290003800e+00
1.593255013631383221e+00,-1.593255013631383221e+00,-1.303572283880222615e+00,2.573752040488191395e-01,3.152116032782989463e-01,1.515316887290003800e+00,1.804498883437402723e+00
-1.593255013631383221e+00,-1.303572283880222615e+00,-1.013889554129062009e+00,3.152116032782989463e-01,1.515316887290003800e+00,1.804498883437402723e+00,-2.819201714673676140e-02
-1.303572283880222615e+00,-1.013889554129062009e+00,-7.242068243779014036e-01,1.515316887290003800e+00,1.804498883437402723e+00,-2.819201714673676140e-02,6.983777481736024306e-01
-1.013889554129062009e+00,-7.242068243779014036e-01,-4.345240946267408533e-01,1.804498883437402723e+00,-2.819201714673676140e-02,6.983777481736024306e-01,1.121306417539173150e+00
-7.242068243779014036e-01,-4.345240946267408533e-01,-1.448413648755802752e-01,-2.819201714673676140e-02,6.983777481736024306e-01,1.121306417539173150e+00,1.200137558788051395e-01
-4.345240946267408533e-01,-1.448413648755802752e-01,1.448413648755802752e-01,6.983777481736024306e-01,1.121306417539173150e+00,1.200137558788051395e-01,-7.909095319855009576e-01
-1.448413648755802752e-01,1.448413648755802752e-01,4.345240946267408533e-01,1.121306417539173150e+00,1.200137558788051395e-01,-7.909095319855009576e-01,-1.062017653373687365e+00
1.448413648755802752e-01,4.345240946267408533e-01,7.242068243779014036e-01,1.200137558788051395e-01,-7.909095319855009576e-01,-1.062017653373687365e+00,6.586152237033353618e-01
4.345240946267408533e-01,7.242068243779014036e-01,1.013889554129062009e+00,-7.909095319855009576e-01,-1.062017653373687365e+00,6.586152237033353618e-01,1.670058302527570593e-01
7.242068243779014036e-01,1.013889554129062009e+00,1.303572283880222615e+00,-1.062017653373687365e+00,6.586152237033353618e-01,1.670058302527570593e-01,1.161068942009440219e+00
1.013889554129062009e+00,1.303572283880222615e+00,1.593255013631383221e+00,6.586152237033353618e-01,1.670058302527570593e-01,1.161068942009440219e+00,1.479169137771578990e+00
1.303572283880222615e+00,1.593255013631383221e+00,-1.593255013631383221e+00,1.670058302527570593e-01,1.161068942009440219e+00,1.479169137771578990e+00,8.718869458620418511e-01
1.593255013631383221e+00,-1.593255013631383221e+00,-1.303572283880222615e+00,1.161068942009440219e+00,1.479169137771578990e+00,8.718869458620418511e-01,5.790901747628004470e-01
-1.593255013631383221e+00,-1.303572283880222615e+00,-1.013889554129062009e+00,1.479169137771578990e+00,8.718869458620418511e-01,5.790901747628004470e-01,-1.734769229120954048e-02
-1.303572283880222615e+00,-1.013889554129062009e+00,-7.242068243779014036e-01,8.718869458620418511e-01,5.790901747628004470e-01,-1.734769229120954048e-02,2.501456541451343440e-01
-1.013889554129062009e+00,-7.242068243779014036e-01,-4.345240946267408533e-01,5.790901747628004470e-01,-1.734769229120954048e-02,2.501456541451343440e-01,6.188526992330675158e-01
-7.242068243779014036e-01,-4.345240946267408533e-01,-1.448413648755802752e-01,-1.734769229120954048e-02,2.501456541451343440e-01,6.188526992330675158e-01,-2.197750895943885174e-01
-4.345240946267408533e-01,-1.448413648755802752e-01,1.448413648755802752e-01,2.501456541451343440e-01,6.188526992330675158e-01,-2.197750895943885174e-01,-8.632050310223507994e-01
-1.448413648755802752e-01,1.448413648755802752e-01,4.345240946267408533e-01,6.188526992330675158e-01,-2.197750895943885174e-01,-8.632050310223507994e-01,-8.523607061668232454e-01
1.448413648755802752e-01,4.345240946267408533e-01,7.242068243779014036e-01,-2.197750895943885174e-01,-8.632050310223507994e-01,-8.523607061668232454e-01,-2.884558136793955452e-01
4.345240946267408533e-01,7.242068243779014036e-01,1.013889554129062009e+00,-8.632050310223507994e-01,-8.523607061668232454e-01,-2.884558136793955452e-01,-3.643660876680876459e-01
7.242068243779014036e-01,1.013889554129062009e+00,1.303572283880222615e+00,-8.523607061668232454e-01,-2.884558136793955452e-01,-3.643660876680876459e-01,1.670058302527570593e-01
1.013889554129062009e+00,1.303572283880222615e+00,1.593255013631383221e+00,-2.884558136793955452e-01,-3.643660876680876459e-01,1.670058302527570593e-01,-1.011814238752408585e-02
1.303572283880222615e+00,1.593255013631383221e+00,-1.593255013631383221e+00,-3.643660876680876459e-01,1.670058302527570593e-01,-1.011814238752408585e-02,1.226134891142605321e+00
1.593255013631383221e+00,-1.593255013631383221e+00,-1.303572283880222615e+00,1.670058302527570593e-01,-1.011814238752408585e-02,1.226134891142605321e+00,2.682195289043470265e-01
-1.593255013631383221e+00,-1.303572283880222615e+00,-1.013889554129062009e+00,-1.011814238752408585e-02,1.226134891142605321e+00,2.682195289043470265e-01,-1.373291733936713582e-02
-1.303572283880222615e+00,-1.013889554129062009e+00,-7.242068243779014036e-01,1.226134891142605321e+00,2.682195289043470265e-01,-1.373291733936713582e-02,-4.113581620420402318e-01
-1.013889554129062009e+00,-7.242068243779014036e-01,-4.345240946267408533e-01,2.682195289043470265e-01,-1.373291733936713582e-02,-4.113581620420402318e-01,-4.944979859344172390e-01
-7.242068243779014036e-01,-4.345240946267408533e-01,-1.448413648755802752e-01,-1.373291733936713582e-02,-4.113581620420402318e-01,-4.944979859344172390e-01,-6.503367435681679451e-03
-4.345240946267408533e-01,-1.448413648755802752e-01,1.448413648755802752e-01,-4.113581620420402318e-01,-4.944979859344172390e-01,-6.503367435681679451e-03,7.670584722586094584e-01
-1.448413648755802752e-01,1.448413648755802752e-01,4.345240946267408533e-01,-4.944979859344172390e-01,-6.503367435681679451e-03,7.670584722586094584e-01,-5.198014105973146615e-01
1.448413648755802752e-01,4.345240946267408533e-01,7.242068243779014036e-01,-6.503367435681679451e-03,7.670584722586094584e-01,-5.198014105973146615e-01,-2.457724219489435674e-02
4.345240946267408533e-01,7.242068243779014036e-01,1.013889554129062009e+00,7.670584722586094584e-01,-5.198014105973146615e-01,-2.457724219489435674e-02,-1.185613909427988694e-01
7.242068243779014036e-01,1.013889554129062009e+00,1.303572283880222615e+00,-5.198014105973146615e-01,-2.457724219489435674e-02,-1.185613909427988694e-01,2.826786287117166729e-01
1.013889554129062009e+00,1.303572283880222615e+00,1.593255013631383221e+00,-2.457724219489435674e-02,-1.185613909427988694e-01,2.826786287117166729e-01,1.764736358967134988e+00
1.303572283880222615e+00,1.593255013631383221e+00,-1.593255013631383221e+00,-1.185613909427988694e-01,2.826786287117166729e-01,1.764736358967134988e+00,1.182757591720495327e+00
1.593255013631383221e+00,-1.593255013631383221e+00,-1.303572283880222615e+00,2.826786287117166729e-01,1.764736358967134988e+00,1.182757591720495327e+00,1.240593990949975023e+00
-1.593255013631383221e+00,-1.303572283880222615e+00,-1.013889554129062009e+00,1.764736358967134988e+00,1.182757591720495327e+00,1.240593990949975023e+00,3.838923273633066402e-01
-1.303572283880222615e+00,-1.013889554129062009e+00,-7.242068243779014036e-01,1.182757591720495327e+00,1.240593990949975023e+00,3.838923273633066402e-01,2.176126795785520429e-01
-1.013889554129062009e+00,-7.242068243779014036e-01,-4.345240946267408533e-01,1.240593990949975023e+00,3.838923273633066402e-01,2.176126795785520429e-01,8.248948714880892652e-01
-7.242068243779014036e-01,-4.345240946267408533e-01,-1.448413648755802752e-01,3.838923273633066402e-01,2.176126795785520429e-01,8.248948714880892652e-01,-3.788251874754576254e-01
-4.345240946267408533e-01,-1.448413648755802752e-01,1.448413648755802752e-01,2.176126795785520429e-01,8.248948714880892652e-01,-3.788251874754576254e-01,-8.487459312149807644e-01
-1.448413648755802752e-01,1.448413648755802752e-01,4.345240946267408533e-01,8.248948714880892652e-01,-3.788251874754576254e-01,-8.487459312149807644e-01,-7.294583578041787808e-01
1.448413648755802752e-01,4.345240946267408533e-01,7.242068243779014036e-01,-3.788251874754576254e-01,-8.487459312149807644e-01,-7.294583578041787808e-01,4.019662021225186566e-01
4.345240946267408533e-01,7.242068243779014036e-01,1.013889554129062009e+00,-8.487459312149807644e-01,-7.294583578041787808e-01,4.019662021225186566e-01,1.880005722721516878e-02
7.242068243779014036e-01,1.013889554129062009e+00,1.303572283880222615e+00,-7.294583578041787808e-01,4.019662021225186566e-01,1.880005722721516878e-02,1.428562288445784034e+00
1.013889554129062009e+00,1.303572283880222615e+00,1.593255013631383221e+00,4.019662021225186566e-01,1.880005722721516878e-02,1.428562288445784034e+00,5.971640495220130740e-01
1.303572283880222615e+00,1.593255013631383221e+00,-1.593255013631383221e+00,1.880005722721516878e-02,1.428562288445784034e+00,5.971640495220130740e-01,1.153839392105755257e+00
1.593255013631383221e+00,-1.593255013631383221e+00,-1.303572283880222615e+00,1.428562288445784034e+00,5.971640495220130740e-01,1.153839392105755257e+00,5.465572001962181181e-01
-1.593255013631383221e+00,-1.303572283880222615e+00,-1.013889554129062009e+00,5.971640495220130740e-01,1.153839392105755257e+00,5.465572001962181181e-01,2.465308791932919463e-01
-1.303572283880222615e+00,-1.013889554129062009e+00,-7.242068243779014036e-01,1.153839392105755257e+00,5.465572001962181181e-01,2.465308791932919463e-01,2.031535797711824243e-01
-1.013889554129062009e+00,-7.242068243779014036e-01,-4.345240946267408533e-01,5.465572001962181181e-01,2.465308791932919463e-01,2.031535797711824243e-01,4.670321512556832588e-01
-7.242068243779014036e-01,-4.345240946267408533e-01,-1.448413648755802752e-01,2.465308791932919463e-01,2.031535797711824243e-01,4.670321512556832588e-01,-8.964319132805896595e-02
-4.345240946267408533e-01,-1.448413648755802752e-01,1.448413648755802752e-01,2.031535797711824243e-01,4.670321512556832588e-01,-8.964319132805896595e-02,-6.065560094415344272e-01
-1.448413648755802752e-01,1.448413648755802752e-01,4.345240946267408533e-01,4.670321512556832588e-01,-8.964319132805896595e-02,-6.065560094415344272e-01,-1.047558553566317441e+00
1.448413648755802752e-01,4.345240946267408533e-01,7.242068243779014036e-01,-8.964319132805896595e-02,-6.065560094415344272e-01,-1.047558553566317441e+00,1.814649300601273441e-01
4.345240946267408533e-01,7.242068243779014036e-01,1.013889554129062009e+00,-6.065560094415344272e-01,-1.047558553566317441e+00,1.814649300601273441e-01,-1.510943655093811566e-01
7.242068243779014036e-01,1.013889554129062009e+00,1.303572283880222615e+00,-1.047558553566317441e+00,1.814649300601273441e-01,-1.510943655093811566e-01,-3.180679209857917300e-02
-1.593255013631383221e+00,-1.303572283880222615e+00,-1.013889554129062009e+00,-3.180679209857917300e-02,1.540620311952901167e+00,2.212274545303944406e-01,1.308580807343323604e-01
-1.303572283880222615e+00,-1.013889554129062009e+00,-7.242068243779014036e-01,1.540620311952901167e+00,2.212274545303944406e-01,1.308580807343323604e-01,6.217735664932533962e-02
-1.013889554129062009e+00,-7.242068243779014036e-01,-4.345240946267408533e-01,2.212274545303944406e-01,1.308580807343323604e-01,6.217735664932533962e-02,1.742353801564425209e-01
-7.242068243779014036e-01,-4.345240946267408533e-01,-1.448413648755802752e-01,1.308580807343323604e-01,6.217735664932533962e-02,1.742353801564425209e-01,2.935229535672445045e-01
-4.345240946267408533e-01,-1.448413648755802752e-01,1.448413648755802752e-01,6.217735664932533962e-02,1.742353801564425209e-01,2.935229535672445045e-01,-8.632050310223507994e-01
-1.448413648755802752e-01,1.448413648755802752e-01,4.345240946267408533e-01,1.742353801564425209e-01,2.935229535672445045e-01,-8.632050310223507994e-01,-2.089307647388609634e-01
1.448413648755802752e-01,4.345240946267408533e-01,7.242068243779014036e-01,2.935229535672445045e-01,-8.632050310223507994e-01,-2.089307647388609634e-01,3.369002529893540543e-01
4.345240946267408533e-01,7.242068243779014036e-01,1.013889554129062009e+00,-8.632050310223507994e-01,-2.089307647388609634e-01,3.369002529893540543e-01,7.056072980772872816e-01
7.242068243779014036e-01,1.013889554129062009e+00,1.303572283880222615e+00,-2.089307647388609634e-01,3.369002529893540543e-01,7.056072980772872816e-01,7.092220730291296515e-01
1.013889554129062009e+00,1.303572283880222615e+00,1.593255013631383221e+00,3.369002529893540543e-01,7.056072980772872816e-01,7.092220730291296515e-01,9.224937951878361408e-01
1.303572283880222615e+00,1.593255013631383221e+00,-1.593255013631383221e+00,7.056072980772872816e-01,7.092220730291296515e-01,9.224937951878361408e-01,9.116494703323089199e-01
1.593255013631383221e+00,-1.593255013631383221e+00,-1.303572283880222615e+00,7.092220730291296515e-01,9.224937951878361408e-01,9.116494703323089199e-01,4.272696267854161345e-01
-1.593255013631383221e+00,-1.303572283880222615e+00,-1.013889554129062009e+00,9.224937951878361408e-01,9.116494703323089199e-01,4.272696267854161345e-01,3.296707030856692588e-01
-1.303572283880222615e+00,-1.013889554129062009e+00,-7.242068243779014036e-01,9.116494703323089199e-01,4.272696267854161345e-01,3.296707030856692588e-01,3.658184526040939577e-01
-1.013889554129062009e+00,-7.242068243779014036e-01,-4.345240946267408533e-01,4.272696267854161345e-01,3.296707030856692588e-01,3.658184526040939577e-01,5.574015250517453390e-01
-7.242068243779014036e-01,-4.345240946267408533e-01,-1.448413648755802752e-01,3.296707030856692588e-01,3.658184526040939577e-01,5.574015250517453390e-01,-2.559228391128132163e-01
-4.345240946267408533e-01,-1.448413648755802752e-01,1.448413648755802752e-01,3.658184526040939577e-01,5.574015250517453390e-01,-2.559228391128132163e-01,1.359881564360777118e+00
-1.448413648755802752e-01,1.448413648755802752e-01,4.345240946267408533e-01,5.574015250517453390e-01,-2.559228391128132163e-01,1.359881564360777118e+00,-4.005138371865127334e-01
1.448413648755802752e-01,4.345240946267408533e-01,7.242068243779014036e-01,-2.559228391128132163e-01,1.359881564360777118e+00,-4.005138371865127334e-01,3.911218772669914356e-01
4.345240946267408533e-01,7.242068243779014036e-01,1.013889554129062009e+00,1.359881564360777118e+00,-4.005138371865127334e-01,3.911218772669914356e-01,1.150224617153912998e+00
7.242068243779014036e-01,1.013889554129062009e+00,1.303572283880222615e+00,-4.005138371865127334e-01,3.911218772669914356e-01,1.150224617153912998e+00,1.164683716961283144e+00
1.013889554129062009e+00,1.303572283880222615e+00,1.593255013631383221e+00,3.911218772669914356e-01,1.150224617153912998e+00,1.164683716961283144e+00,3.983514271706762311e-01
1.303572283880222615e+00,1.593255013631383221e+00,-1.593255013631383221e+00,1.150224617153912998e+00,1.164683716961283144e+00,3.983514271706762311e-01,7.670584722586094584e-01
1.593255013631383221e+00,-1.593255013631383221e+00,-1.303572283880222615e+00,1.164683716961283144e+00,3.983514271706762311e-01,7.670584722586094584e-01,2.862934036635590429e-01
-1.593255013631383221e+00,-1.303572283880222615e+00,-1.013889554129062009e+00,3.983514271706762311e-01,7.670584722586094584e-01,2.862934036635590429e-01,-4.988066685779184856e-02
-1.303572283880222615e+00,-1.013889554129062009e+00,-7.242068243779014036e-01,7.670584722586094584e-01,2.862934036635590429e-01,-4.988066685779184856e-02,4.489582764964712425e-01
-1.013889554129062009e+00,-7.242068243779014036e-01,-4.345240946267408533e-01,2.862934036635590429e-01,-4.988066685779184856e-02,4.489582764964712425e-01,9.441824448988912488e-01
-7.242068243779014036e-01,-4.345240946267408533e-01,-1.448413648755802752e-01,-4.988066685779184856e-02,4.489582764964712425e-01,9.441824448988912488e-01,2.646047539525046011e-01
-4.345240946267408533e-01,-1.448413648755802752e-01,1.448413648755802752e-01,4.489582764964712425e-01,9.441824448988912488e-01,2.646047539525046011e-01,-1.800125651241210600e-01
-1.448413648755802752e-01,1.448413648755802752e-01,4.345240946267408533e-01,9.441824448988912488e-01,2.646047539525046011e-01,-1.800125651241210600e-01,-5.957116845860068732e-01
1.448413648755802752e-01,4.345240946267408533e-01,7.242068243779014036e-01,2.646047539525046011e-01,-1.800125651241210600e-01,-5.957116845860068732e-01,1.291200840275769979e+00
4.345240946267408533e-01,7.242068243779014036e-01,1.013889554129062009e+00,-1.800125651241210600e-01,-5.957116845860068732e-01,1.291200840275769979e+00,4.344991766891009854e-01
7.242068243779014036e-01,1.013889554129062009e+00,1.303572283880222615e+00,-5.957116845860068732e-01,1.291200840275769979e+00,4.344991766891009854e-01,1.005633619080213537e+00
1.013889554129062009e+00,1.303572283880222615e+00,1.593255013631383221e+00,1.291200840275769979e+00,4.344991766891009854e-01,1.005633619080213537e+00,1.471939587867894250e+00
1.303572283880222615e+00,1.593255013631383221e+00,-1.593255013631383221e+00,4.344991766891009854e-01,1.005633619080213537e+00,1.471939587867894250e+00,9.514119948025760998e-01
1.593255013631383221e+00,-1.593255013631383221e+00,-1.303572283880222615e+00,1.005633619080213537e+00,1.471939587867894250e+00,9.514119948025760998e-01,7.923618969215069363e-01
-1.593255013631383221e+00,-1.303572283880222615e+00,-1.013889554129062009e+00,1.471939587867894250e+00,9.514119948025760998e-01,7.923618969215069363e-01,1.453171805417026174e-01
-1.303572283880222615e+00,-1.013889554129062009e+00,-7.242068243779014036e-01,9.514119948025760998e-01,7.923618969215069363e-01,1.453171805417026174e-01,-2.096246724305194861e-02
-1.013889554129062009e+00,-7.242068243779014036e-01,-4.345240946267408533e-01,7.923618969215069363e-01,1.453171805417026174e-01,-2.096246724305194861e-02,1.995388048193393604e-01
-7.242068243779014036e-01,-4.345240946267408533e-01,-1.448413648755802752e-01,1.453171805417026174e-01,-2.096246724305194861e-02,1.995388048193393604e-01,-5.884821346823216892e-01
-4.345240946267408533e-01,-1.448413648755802752e-01,1.448413648755802752e-01,-2.096246724305194861e-02,1.995388048193393604e-01,-5.884821346823216892e-01,-6.716219585746989740e-01
-1.448413648755802752e-01,1.448413648755802752e-01,4.345240946267408533e-01,1.995388048193393604e-01,-5.884821346823216892e-01,-6.716219585746989740e-01,-4.908832109825748136e-01
1.448413648755802752e-01,4.345240946267408533e-01,7.242068243779014036e-01,-5.884821346823216892e-01,-6.716219585746989740e-01,-4.908832109825748136e-01,4.771825684195506873e-02
4.345240946267408533e-01,7.242068243779014036e-01,1.013889554129062009e+00,-6.716219585746989740e-01,-4.908832109825748136e-01,4.771825684195506873e-02,6.116231493293827759e-01
7.242068243779014036e-01,1.013889554129062009e+00,1.303572283880222615e+00,-4.908832109825748136e-01,4.771825684195506873e-02,6.116231493293827759e-01,1.204446241431550435e+00
1.013889554129062009e+00,1.303572283880222615e+00,1.593255013631383221e+00,4.771825684195506873e-02,6.116231493293827759e-01,1.204446241431550435e+00,9.261085701396791769e-01
1.303572283880222615e+00,1.593255013631383221e+00,-1.593255013631383221e+00,6.116231493293827759e-01,1.204446241431550435e+00,9.261085701396791769e-01,9.947892942246862047e-01
1.593255013631383221e+00,-1.593255013631383221e+00,-1.303572283880222615e+00,1.204446241431550435e+00,9.261085701396791769e-01,9.947892942246862047e-01,4.019662021225186566e-01
-1.593255013631383221e+00,-1.303572283880222615e+00,-1.013889554129062009e+00,9.261085701396791769e-01,9.947892942246862047e-01,4.019662021225186566e-01,-2.096246724305194861e-02
-1.303572283880222615e+00,-1.013889554129062009e+00,-7.242068243779014036e-01,9.947892942246862047e-01,4.019662021225186566e-01,-2.096246724305194861e-02,-3.752104125236151999e-01
-1.013889554129062009e+00,-7.242068243779014036e-01,-4.345240946267408533e-01,4.019662021225186566e-01,-2.096246724305194861e-02,-3.752104125236151999e-01,-7.077697080931236728e-01
-7.242068243779014036e-01,-4.345240946267408533e-01,-1.448413648755802752e-01,-2.096246724305194861e-02,-3.752104125236151999e-01,-7.077697080931236728e-01,-4.330468117530950067e-01
-4.345240946267408533e-01,-1.448413648755802752e-01,1.448413648755802752e-01,-3.752104125236151999e-01,-7.077697080931236728e-01,-4.330468117530950067e-01,5.856258169748292802e-02
-1.448413648755802752e-01,1.448413648755802752e-01,4.345240946267408533e-01,-7.077697080931236728e-01,-4.330468117530950067e-01,5.856258169748292802e-02,-2.306194144499160437e-01
1.448413648755802752e-01,4.345240946267408533e-01,7.242068243779014036e-01,-4.330468117530950067e-01,5.856258169748292802e-02,-2.306194144499160437e-01,-7.518409152068933343e-02
4.345240946267408533e-01,7.242068243779014036e-01,1.013889554129062009e+00,5.856258169748292802e-02,-2.306194144499160437e-01,-7.518409152068933343e-02,1.525467304453874406e-01
7.242068243779014036e-01,1.013889554129062009e+00,1.303572283880222615e+00,-2.306194144499160437e-01,-7.518409152068933343e-02,1.525467304453874406e-01,5.790901747628004470e-01
1.013889554129062009e+00,1.303572283880222615e+00,1.593255013631383221e+00,-7.518409152068933343e-02,1.525467304453874406e-01,5.790901747628004470e-01,1.385184989023674484e+00
1.303572283880222615e+00,1.593255013631383221e+00,-1.593255013631383221e+00,1.525467304453874406e-01,5.790901747628004470e-01,1.385184989023674484e+00,1.294815615227612460e+00
1.593255013631383221e+00,-1.593255013631383221e+00,-1.303572283880222615e+00,5.790901747628004470e-01,1.385184989023674484e+00,1.294815615227612460e+00,1.005633619080213537e+00
-1.593255013631383221e+00,-1.303572283880222615e+00,-1.013889554129062009e+00,1.385184989023674484e+00,1.294815615227612460e+00,1.005633619080213537e+00,7.887471219696645663e-01
-1.303572283880222615e+00,-1.013889554129062009e+00,-7.242068243779014036e-01,1.294815615227612460e+00,1.005633619080213537e+00,7.887471219696645663e-01,2.393013292896071231e-01
-1.013889554129062009e+00,-7.242068243779014036e-01,-4.345240946267408533e-01,1.005633619080213537e+00,7.887471219696645663e-01,2.393013292896071231e-01,9.832510616775004542e-02
-7.242068243779014036e-01,-4.345240946267408533e-01,-1.448413648755802752e-01,7.887471219696645663e-01,2.393013292896071231e-01,9.832510616775004542e-02,-2.595376140646559193e-01
-4.345240946267408533e-01,-1.448413648755802752e-01,1.448413648755802752e-01,2.393013292896071231e-01,9.832510616775004542e-02,-2.595376140646559193e-01,-6.499333088636439770e-01
-1.448413648755802752e-01,1.448413648755802752e-01,4.345240946267408533e-01,9.832510616775004542e-02,-2.595376140646559193e-01,-6.499333088636439770e-01,-4.438911366086225607e-01
1.448413648755802752e-01,4.345240946267408533e-01,7.242068243779014036e-01,-2.595376140646559193e-01,-6.499333088636439770e-01,-4.438911366086225607e-01,4.308844017372585600e-01
4.345240946267408533e-01,7.242068243779014036e-01,1.013889554129062009e+00,-6.499333088636439770e-01,-4.438911366086225607e-01,4.308844017372585600e-01,3.477445778448812752e-01
7.242068243779014036e-01,1.013889554129062009e+00,1.303572283880222615e+00,-4.438911366086225607e-01,4.308844017372585600e-01,3.477445778448812752e-01,1.486398687675263952e+00
1.013889554129062009e+00,1.303572283880222615e+00,1.593255013631383221e+00,4.308844017372585600e-01,3.477445778448812752e-01,1.486398687675263952e+00,1.088773442972590821e+00
1.303572283880222615e+00,1.593255013631383221e+00,-1.593255013631383221e+00,3.477445778448812752e-01,1.486398687675263952e+00,1.088773442972590821e+00,1.146609842202070517e+00
1.593255013631383221e+00,-1.593255013631383221e+00,-1.303572283880222615e+00,1.486398687675263952e+00,1.088773442972590821e+00,1.146609842202070517e+00,5.827049497146428170e-01
-1.593255013631383221e+00,-1.303572283880222615e+00,-1.013889554129062009e+00,1.088773442972590821e+00,1.146609842202070517e+00,5.827049497146428170e-01,2.103831296748672197e-01
-1.303572283880222615e+00,-1.013889554129062009e+00,-7.242068243779014036e-01,1.146609842202070517e+00,5.827049497146428170e-01,2.103831296748672197e-01,3.441298028930388497e-01
-1.013889554129062009e+00,-7.242068243779014036e-01,-4.345240946267408533e-01,5.827049497146428170e-01,2.103831296748672197e-01,3.441298028930388497e-01,2.682195289043470265e-01
-7.242068243779014036e-01,-4.345240946267408533e-01,-1.448413648755802752e-01,2.103831296748672197e-01,3.441298028930388497e-01,2.682195289043470265e-01,-2.017012148351761402e-01
-4.345240946267408533e-01,-1.448413648755802752e-01,1.448413648755802752e-01,3.441298028930388497e-01,2.682195289043470265e-01,-2.017012148351761402e-01,-4.041286121383551033e-01
-1.448413648755802752e-01,1.448413648755802752e-01,4.345240946267408533e-01,2.682195289043470265e-01,-2.017012148351761402e-01,-4.041286121383551033e-01,-4.619650113678349101e-01
1.448413648755802752e-01,4.345240946267408533e-01,7.242068243779014036e-01,-2.017012148351761402e-01,-4.041286121383551033e-01,-4.619650113678349101e-01,1.923092549156545650e-01
4.345240946267408533e-01,7.242068243779014036e-01,1.013889554129062009e+00,-4.041286121383551033e-01,-4.619650113678349101e-01,1.923092549156545650e-01,3.687393198642784781e-02
7.242068243779014036e-01,1.013889554129062009e+00,1.303572283880222615e+00,-4.619650113678349101e-01,1.923092549156545650e-01,3.687393198642784781e-02,5.104094506777934193e-01
-1.593255013631383221e+00,-1.303572283880222615e+00,-1.013889554129062009e+00,3.687393198642784781e-02,1.396029313879201705e+00,3.766627774596211786e-01,9.109555626406523610e-02
-1.303572283880222615e+00,-1.013889554129062009e+00,-7.242068243779014036e-01,1.396029313879201705e+00,3.766627774596211786e-01,9.109555626406523610e-02,3.802775524114635486e-01
-1.013889554129062009e+00,-7.242068243779014036e-01,-4.345240946267408533e-01,3.766627774596211786e-01,9.109555626406523610e-02,3.802775524114635486e-01,-3.173740132941353931e-01
-7.242068243779014036e-01,-4.345240946267408533e-01,-1.448413648755802752e-01,9.109555626406523610e-02,3.802775524114635486e-01,-3.173740132941353931e-01,-3.065296884386081722e-01
-4.345240946267408533e-01,-1.448413648755802752e-01,1.448413648755802752e-01,3.802775524114635486e-01,-3.173740132941353931e-01,-3.065296884386081722e-01,-9.861073793849951530e-01
-1.448413648755802752e-01,1.448413648755802752e-01,4.345240946267408533e-01,-3.173740132941353931e-01,-3.065296884386081722e-01,-9.861073793849951530e-01,-1.763977901722786623e-01
1.448413648755802752e-01,4.345240946267408533e-01,7.242068243779014036e-01,-3.065296884386081722e-01,-9.861073793849951530e-01,-1.763977901722786623e-01,3.325915703458543621e-02
4.345240946267408533e-01,7.242068243779014036e-01,1.013889554129062009e+00,-9.861073793849951530e-01,-1.763977901722786623e-01,3.325915703458543621e-02,6.043935994256979249e-01
7.242068243779014036e-01,1.013889554129062009e+00,1.303572283880222615e+00,-1.763977901722786623e-01,3.325915703458543621e-02,6.043935994256979249e-01,8.176653215844044142e-01
1.013889554129062009e+00,1.303572283880222615e+00,1.593255013631383221e+00,3.325915703458543621e-02,6.043935994256979249e-01,8.176653215844044142e-01,7.598289223549246074e-01
1.303572283880222615e+00,1.593255013631383221e+00,-1.593255013631383221e+00,6.043935994256979249e-01,8.176653215844044142e-01,7.598289223549246074e-01,1.164683716961283144e+00
1.593255013631383221e+00,-1.593255013631383221e+00,-1.303572283880222615e+00,8.176653215844044142e-01,7.598289223549246074e-01,1.164683716961283144e+00,4.019662021225186566e-01
-1.593255013631383221e+00,-1.303572283880222615e+00,-1.013889554129062009e+00,7.598289223549246074e-01,1.164683716961283144e+00,4.019662021225186566e-01,2.862934036635590429e-01
-1.303572283880222615e+00,-1.013889554129062009e+00,-7.242068243779014036e-01,1.164683716961283144e+00,4.019662021225186566e-01,2.862934036635590429e-01,-2.739967138720255657e-01
-1.013889554129062009e+00,-7.242068243779014036e-01,-4.345240946267408533e-01,4.019662021225186566e-01,2.862934036635590429e-01,-2.739967138720255657e-01,7.164516229328151686e-01
-7.242068243779014036e-01,-4.345240946267408533e-01,-1.448413648755802752e-01,2.862934036635590429e-01,-2.739967138720255657e-01,7.164516229328151686e-01,-8.632050310223507994e-01
-4.345240946267408533e-01,-1.448413648755802752e-01,1.448413648755802752e-01,-2.739967138720255657e-01,7.164516229328151686e-01,-8.632050310223507994e-01,8.212800965362468952e-01
-1.448413648755802752e-01,1.448413648755802752e-01,4.345240946267408533e-01,7.164516229328151686e-01,-8.632050310223507994e-01,8.212800965362468952e-01,-4.908832109825748136e-01
1.448413648755802752e-01,4.345240946267408533e-01,7.242068243779014036e-01,-8.632050310223507994e-01,8.212800965362468952e-01,-4.908832109825748136e-01,1.344728556861747581e-01
4.345240946267408533e-01,7.242068243779014036e-01,1.013889554129062009e+00,8.212800965362468952e-01,-4.908832109825748136e-01,1.344728556861747581e-01,6.224674741849106629e-01
7.242068243779014036e-01,1.013889554129062009e+00,1.303572283880222615e+00,-4.908832109825748136e-01,1.344728556861747581e-01,6.224674741849106629e-01,1.204446241431550435e+00
1.013889554129062009e+00,1.303572283880222615e+00,1.593255013631383221e+00,1.344728556861747581e-01,6.224674741849106629e-01,1.204446241431550435e+00,7.164516229328151686e-01
1.303572283880222615e+00,1.593255013631383221e+00,-1.593255013631383221e+00,6.224674741849106629e-01,1.204446241431550435e+00,7.164516229328151686e-01,1.233364441046290283e+00
1.593255013631383221e+00,-1.593255013631383221e+00,-1.303572283880222615e+00,1.204446241431550435e+00,7.164516229328151686e-01,1.233364441046290283e+00,2.103831296748672197e-01
-1.593255013631383221e+00,-1.303572283880222615e+00,-1.013889554129062009e+00,7.164516229328151686e-01,1.233364441046290283e+00,2.103831296748672197e-01,-9.325796627990137755e-02
-1.303572283880222615e+00,-1.013889554129062009e+00,-7.242068243779014036e-01,1.233364441046290283e+00,2.103831296748672197e-01,-9.325796627990137755e-02,2.826786287117166729e-01
-1.013889554129062009e+00,-7.242068243779014036e-01,-4.345240946267408533e-01,2.103831296748672197e-01,-9.325796627990137755e-02,2.826786287117166729e-01,6.224674741849106629e-01
-7.242068243779014036e-01,-4.345240946267408533e-01,-1.448413648755802752e-01,-9.325796627990137755e-02,2.826786287117166729e-01,6.224674741849106629e-01,-7.879886647253174503e-02
-4.345240946267408533e-01,-1.448413648755802752e-01,1.448413648755802752e-01,2.826786287117166729e-01,6.224674741849106629e-01,-7.879886647253174503e-02,-2.523080641609707908e-01
-1.448413648755802752e-01,1.448413648755802752e-01,4.345240946267408533e-01,6.224674741849106629e-01,-7.879886647253174503e-02,-2.523080641609707908e-01,-6.933106082857537489e-01
1.448413648755802752e-01,4.345240946267408533e-01,7.242068243779014036e-01,-7.879886647253174503e-02,-2.523080641609707908e-01,-6.933106082857537489e-01,7.525993724512398675e-01
4.345240946267408533e-01,7.242068243779014036e-01,1.013889554129062009e+00,-2.523080641609707908e-01,-6.933106082857537489e-01,7.525993724512398675e-01,4.236548518335737645e-01
7.242068243779014036e-01,1.013889554129062009e+00,1.303572283880222615e+00,-6.933106082857537489e-01,7.525993724512398675e-01,4.236548518335737645e-01,9.947892942246862047e-01
1.013889554129062009e+00,1.303572283880222615e+00,1.593255013631383221e+00,7.525993724512398675e-01,4.236548518335737645e-01,9.947892942246862047e-01,1.515316887290003800e+00
1.303572283880222615e+00,1.593255013631383221e+00,-1.593255013631383221e+00,4.236548518335737645e-01,9.947892942246862047e-01,1.515316887290003800e+00,1.124921192491015409e+00
1.593255013631383221e+00,-1.593255013631383221e+00,-1.303572283880222615e+00,9.947892942246862047e-01,1.515316887290003800e+00,1.124921192491015409e+00,7.634436973067670884e-01
-1.593255013631383221e+00,-1.303572283880222615e+00,-1.013889554129062009e+00,1.515316887290003800e+00,1.124921192491015409e+00,7.634436973067670884e-01,1.380876306380171559e-01
-1.303572283880222615e+00,-1.013889554129062009e+00,-7.242068243779014036e-01,1.124921192491015409e+00,7.634436973067670884e-01,1.380876306380171559e-01,-3.903634200226398232e-02
-1.013889554129062009e+00,-7.242068243779014036e-01,-4.345240946267408533e-01,7.634436973067670884e-01,1.380876306380171559e-01,-3.903634200226398232e-02,-1.041022911354289177e-01
-7.242068243779014036e-01,-4.345240946267408533e-01,-1.448413648755802752e-01,1.380876306380171559e-01,-3.903634200226398232e-02,-1.041022911354289177e-01,-5.667934849712669143e-01
-4.345240946267408533e-01,-1.448413648755802752e-01,1.448413648755802752e-01,-3.903634200226398232e-02,-1.041022911354289177e-01,-5.667934849712669143e-01,-6.571628587673290500e-01
-1.448413648755802752e-01,1.448413648755802752e-01,4.345240946267408533e-01,-1.041022911354289177e-01,-5.667934849712669143e-01,-6.571628587673290500e-01,-5.487196102120546204e-01
1.448413648755802752e-01,4.345240946267408533e-01,7.242068243779014036e-01,-5.667934849712669143e-01,-6.571628587673290500e-01,-5.487196102120546204e-01,3.687393198642784781e-02
4.345240946267408533e-01,7.242068243779014036e-01,1.013889554129062009e+00,-6.571628587673290500e-01,-5.487196102120546204e-01,3.687393198642784781e-02,5.682458499072732261e-01
7.242068243779014036e-01,1.013889554129062009e+00,1.303572283880222615e+00,-5.487196102120546204e-01,3.687393198642784781e-02,5.682458499072732261e-01,1.005633619080213537e+00
1.013889554129062009e+00,1.303572283880222615e+00,1.593255013631383221e+00,3.687393198642784781e-02,5.682458499072732261e-01,1.005633619080213537e+00,1.052625693454166012e+00
1.303572283880222615e+00,1.593255013631383221e+00,-1.593255013631383221e+00,5.682458499072732261e-01,1.005633619080213537e+00,1.052625693454166012e+00,9.947892942246862047e-01
1.593255013631383221e+00,-1.593255013631383221e+00,-1.303572283880222615e+00,1.005633619080213537e+00,1.052625693454166012e+00,9.947892942246862047e-01,4.706469262075256843e-01
-1.593255013631383221e+00,-1.303572283880222615e+00,-1.013889554129062009e+00,1.052625693454166012e+00,9.947892942246862047e-01,4.706469262075256843e-01,1.091694310232772663e-01
-1.303572283880222615e+00,-1.013889554129062009e+00,-7.242068243779014036e-01,9.947892942246862047e-01,4.706469262075256843e-01,1.091694310232772663e-01,-2.342341894017584414e-01
-1.013889554129062009e+00,-7.242068243779014036e-01,-4.345240946267408533e-01,4.706469262075256843e-01,1.091694310232772663e-01,-2.342341894017584414e-01,-2.089307647388609634e-01
-7.242068243779014036e-01,-4.345240946267408533e-01,-1.448413648755802752e-01,1.091694310232772663e-01,-2.342341894017584414e-01,-2.089307647388609634e-01,-5.198014105973146615e-01
-4.345240946267408533e-01,-1.448413648755802752e-01,1.448413648755802752e-01,-2.342341894017584414e-01,-2.089307647388609634e-01,-5.198014105973146615e-01,-4.265111695410703230e-02
-1.448413648755802752e-01,1.448413648755802752e-01,4.345240946267408533e-01,-2.089307647388609634e-01,-5.198014105973146615e-01,-4.265111695410703230e-02,-5.053423107899447375e-01
1.448413648755802752e-01,4.345240946267408533e-01,7.242068243779014036e-01,-5.198014105973146615e-01,-4.265111695410703230e-02,-5.053423107899447375e-01,-1.944716649314910117e-01
4.345240946267408533e-01,7.242068243779014036e-01,1.013889554129062009e+00,-4.265111695410703230e-02,-5.053423107899447375e-01,-1.944716649314910117e-01,2.212274545303944406e-01
7.242068243779014036e-01,1.013889554129062009e+00,1.303572283880222615e+00,-5.053423107899447375e-01,-1.944716649314910117e-01,2.212274545303944406e-01,6.658447736070201017e-01
1.013889554129062009e+00,1.303572283880222615e+00,1.593255013631383221e+00,-1.944716649314910117e-01,2.212274545303944406e-01,6.658447736070201017e-01,1.356266789408934637e+00
1.303572283880222615e+00,1.593255013631383221e+00,-1.593255013631383221e+00,2.212274545303944406e-01,6.658447736070201017e-01,1.356266789408934637e+00,1.218905341238919915e+00
1.593255013631383221e+00,-1.593255013631383221e+00,-1.303572283880222615e+00,6.658447736070201017e-01,1.356266789408934637e+00,1.218905341238919915e+00,8.718869458620418511e-01
-1.593255013631383221e+00,-1.303572283880222615e+00,-1.013889554129062009e+00,1.356266789408934637e+00,1.218905341238919915e+00,8.718869458620418511e-01,3.513593527967243113e-01
-1.303572283880222615e+00,-1.013889554129062009e+00,-7.242068243779014036e-01,1.218905341238919915e+00,8.718869458620418511e-01,3.513593527967243113e-01,1.814649300601273441e-01
-1.013889554129062009e+00,-7.242068243779014036e-01,-4.345240946267408533e-01,8.718869458620418511e-01,3.513593527967243113e-01,1.814649300601273441e-01,3.911218772669914356e-01
-7.242068243779014036e-01,-4.345240946267408533e-01,-1.448413648755802752e-01,3.513593527967243113e-01,1.814649300601273441e-01,3.911218772669914356e-01,-5.523343851638969904e-01
-4.345240946267408533e-01,-1.448413648755802752e-01,1.448413648755802752e-01,1.814649300601273441e-01,3.911218772669914356e-01,-5.523343851638969904e-01,-6.499333088636439770e-01
-1.448413648755802752e-01,1.448413648755802752e-01,4.345240946267408533e-01,3.911218772669914356e-01,-5.523343851638969904e-01,-6.499333088636439770e-01,3.766627774596211786e-01
1.448413648755802752e-01,4.345240946267408533e-01,7.242068243779014036e-01,-5.523343851638969904e-01,-6.499333088636439770e-01,3.766627774596211786e-01,3.838923273633066402e-01
4.345240946267408533e-01,7.242068243779014036e-01,1.013889554129062009e+00,-6.499333088636439770e-01,3.766627774596211786e-01,3.838923273633066402e-01,3.549741277485667368e-01
7.242068243779014036e-01,1.013889554129062009e+00,1.303572283880222615e+00,3.766627774596211786e-01,3.838923273633066402e-01,3.549741277485667368e-01,1.374340664168146597e+00
1.013889554129062009e+00,1.303572283880222615e+00,1.593255013631383221e+00,3.838923273633066402e-01,3.549741277485667368e-01,1.374340664168146597e+00,1.128535967442857890e+00
1.303572283880222615e+00,1.593255013631383221e+00,-1.593255013631383221e+00,3.549741277485667368e-01,1.374340664168146597e+00,1.128535967442857890e+00,9.152642452841514009e-01
1.593255013631383221e+00,-1.593255013631383221e+00,-1.303572283880222615e+00,1.374340664168146597e+00,1.128535967442857890e+00,9.152642452841514009e-01,8.285096464399316352e-01
-1.593255013631383221e+00,-1.303572283880222615e+00,-1.013889554129062009e+00,1.128535967442857890e+00,9.152642452841514009e-01,8.285096464399316352e-01,3.911218772669914356e-01
-1.303572283880222615e+00,-1.013889554129062009e+00,-7.242068243779014036e-01,9.152642452841514009e-01,8.285096464399316352e-01,3.911218772669914356e-01,4.489582764964712425e-01
-1.013889554129062009e+00,-7.242068243779014036e-01,-4.345240946267408533e-01,8.285096464399316352e-01,3.911218772669914356e-01,4.489582764964712425e-01,-6.433976666516147414e-02
-7.242068243779014036e-01,-4.345240946267408533e-01,-1.448413648755802752e-01,3.911218772669914356e-01,4.489582764964712425e-01,-6.433976666516147414e-02,2.964438208274303155e-02
-4.345240946267408533e-01,-1.448413648755802752e-01,1.448413648755802752e-01,4.489582764964712425e-01,-6.433976666516147414e-02,2.964438208274303155e-02,5.856258169748292802e-02
-1.448413648755802752e-01,1.448413648755802752e-01,4.345240946267408533e-01,-6.433976666516147414e-02,2.964438208274303155e-02,5.856258169748292802e-02,-6.463185339118014960e-01
1.448413648755802752e-01,4.345240946267408533e-01,7.242068243779014036e-01,2.964438208274303155e-02,5.856258169748292802e-02,-6.463185339118014960e-01,-3.180679209857917300e-02
4.345240946267408533e-01,7.242068243779014036e-01,1.013889554129062009e+00,5.856258169748292802e-02,-6.463185339118014960e-01,-3.180679209857917300e-02,-8.241364142437415663e-02
7.242068243779014036e-01,1.013889554129062009e+00,1.303572283880222615e+00,-6.463185339118014960e-01,-3.180679209857917300e-02,-8.241364142437415663e-02,7.164516229328151686e-01
-1.593255013631383221e+00,-1.303572283880222615e+00,-1.013889554129062009e+00,1.493628237578948692e+00,1.432177063397626515e+00,4.670321512556832588e-01,2.241483217905821876e-02
-1.303572283880222615e+00,-1.013889554129062009e+00,-7.242068243779014036e-01,1.432177063397626515e+00,4.670321512556832588e-01,2.241483217905821876e-02,5.610163000035878200e-01
-1.013889554129062009e+00,-7.242068243779014036e-01,-4.345240946267408533e-01,4.670321512556832588e-01,2.241483217905821876e-02,5.610163000035878200e-01,-2.486932892091283931e-01
-7.242068243779014036e-01,-4.345240946267408533e-01,-1.448413648755802752e-01,2.241483217905821876e-02,5.610163000035878200e-01,-2.486932892091283931e-01,-2.848410387275531197e-01
-4.345240946267408533e-01,-1.448413648755802752e-01,1.448413648755802752e-01,5.610163000035878200e-01,-2.486932892091283931e-01,-2.848410387275531197e-01,-4.872684360307323881e-01
-1.448413648755802752e-01,1.448413648755802752e-01,4.345240946267408533e-01,-2.486932892091283931e-01,-2.848410387275531197e-01,-4.872684360307323881e-01,1.518528227537276239e-02
1.448413648755802752e-01,4.345240946267408533e-01,7.242068243779014036e-01,-2.848410387275531197e-01,-4.872684360307323881e-01,1.518528227537276239e-02,2.790638537598742475e-01
4.345240946267408533e-01,7.242068243779014036e-01,1.013889554129062009e+00,-4.872684360307323881e-01,1.518528227537276239e-02,2.790638537598742475e-01,7.056072980772872816e-01
7.242068243779014036e-01,1.013889554129062009e+00,1.303572283880222615e+00,1.518528227537276239e-02,2.790638537598742475e-01,7.056072980772872816e-01,7.453698225475550165e-01
1.013889554129062009e+00,1.303572283880222615e+00,1.593255013631383221e+00,2.790638537598742475e-01,7.056072980772872816e-01,7.453698225475550165e-01,9.658710946099463568e-01
1.303572283880222615e+00,1.593255013631383221e+00,-1.593255013631383221e+00,7.056072980772872816e-01,7.453698225475550165e-01,9.658710946099463568e-01,1.121306417539173150e+00
1.593255013631383221e+00,-1.593255013631383221e+00,-1.303572283880222615e+00,7.453698225475550165e-01,9.658710946099463568e-01,1.121306417539173150e+00,6.043935994256979249e-01
-1.593255013631383221e+00,-1.303572283880222615e+00,-1.013889554129062009e+00,9.658710946099463568e-01,1.121306417539173150e+00,6.043935994256979249e-01,2.682195289043470265e-01
-1.303572283880222615e+00,-1.013889554129062009e+00,-7.242068243779014036e-01,1.121306417539173150e+00,6.043935994256979249e-01,2.682195289043470265e-01,2.573752040488191395e-01
-1.013889554129062009e+00,-7.242068243779014036e-01,-4.345240946267408533e-01,6.043935994256979249e-01,2.682195289043470265e-01,2.573752040488191395e-01,4.771825684195506873e-02
-7.242068243779014036e-01,-4.345240946267408533e-01,-1.448413648755802752e-01,2.682195289043470265e-01,2.573752040488191395e-01,4.771825684195506873e-02,-7.439174576115487048e-01
-4.345240946267408533e-01,-1.448413648755802752e-01,1.448413648755802752e-01,2.573752040488191395e-01,4.771825684195506873e-02,-7.439174576115487048e-01,2.031535797711824243e-01
-1.448413648755802752e-01,1.448413648755802752e-01,4.345240946267408533e-01,4.771825684195506873e-02,-7.439174576115487048e-01,2.031535797711824243e-01,-3.679808626199304045e-01
1.448413648755802752e-01,4.345240946267408533e-01,7.242068243779014036e-01,-7.439174576115487048e-01,2.031535797711824243e-01,-3.679808626199304045e-01,2.899081786154014684e-01
4.345240946267408533e-01,7.242068243779014036e-01,1.013889554129062009e+00,2.031535797711824243e-01,-3.679808626199304045e-01,2.899081786154014684e-01,6.875334233180752097e-01
7.242068243779014036e-01,1.013889554129062009e+00,1.303572283880222615e+00,-3.679808626199304045e-01,2.899081786154014684e-01,6.875334233180752097e-01,1.204446241431550435e+00
1.013889554129062009e+00,1.303572283880222615e+00,1.593255013631383221e+00,2.899081786154014684e-01,6.875334233180752097e-01,1.204446241431550435e+00,9.080346953804665500e-01
1.303572283880222615e+00,1.593255013631383221e+00,-1.593255013631383221e+00,6.875334233180752097e-01,1.204446241431550435e+00,9.080346953804665500e-01,1.045396143550481272e+00
1.593255013631383221e+00,-1.593255013631383221e+00,-1.303572283880222615e+00,1.204446241431550435e+00,9.080346953804665500e-01,1.045396143550481272e+00,3.802775524114635486e-01
-1.593255013631383221e+00,-1.303572283880222615e+00,-1.013889554129062009e+00,9.080346953804665500e-01,1.045396143550481272e+00,3.802775524114635486e-01,-5.711021676147665788e-02
-1.303572283880222615e+00,-1.013889554129062009e+00,-7.242068243779014036e-01,1.045396143550481272e+00,3.802775524114635486e-01,-5.711021676147665788e-02,-1.734769229120954048e-02
-1.013889554129062009e+00,-7.242068243779014036e-01,-4.345240946267408533e-01,3.802775524114635486e-01,-5.711021676147665788e-02,-1.734769229120954048e-02,5.863197246664852980e-01
-7.242068243779014036e-01,-4.345240946267408533e-01,-1.448413648755802752e-01,-5.711021676147665788e-02,-1.734769229120954048e-02,5.863197246664852980e-01,-1.872421150278061885e-01
-4.345240946267408533e-01,-1.448413648755802752e-01,1.448413648755802752e-01,-1.734769229120954048e-02,5.863197246664852980e-01,-1.872421150278061885e-01,-1.872421150278061885e-01
-1.448413648755802752e-01,1.448413648755802752e-01,4.345240946267408533e-01,5.863197246664852980e-01,-1.872421150278061885e-01,-1.872421150278061885e-01,-5.884821346823216892e-01
1.448413648755802752e-01,4.345240946267408533e-01,7.242068243779014036e-01,-1.872421150278061885e-01,-1.872421150278061885e-01,-5.884821346823216892e-01,3.079820533746141509e-01
4.345240946267408533e-01,7.242068243779014036e-01,1.013889554129062009e+00,-1.872421150278061885e-01,-5.884821346823216892e-01,3.079820533746141509e-01,3.549741277485667368e-01
7.242068243779014036e-01,1.013889554129062009e+00,1.303572283880222615e+00,-5.884821346823216892e-01,3.079820533746141509e-01,3.549741277485667368e-01,8.501982961509867431e-01
1.013889554129062009e+00,1.303572283880222615e+00,1.593255013631383221e+00,3.079820533746141509e-01,3.549741277485667368e-01,8.501982961509867431e-01,1.464710037964208844e+00
1.303572283880222615e+00,1.593255013631383221e+00,-1.593255013631383221e+00,3.549741277485667368e-01,8.501982961509867431e-01,1.464710037964208844e+00,1.096002992876275561e+00
1.593255013631383221e+00,-1.593255013631383221e+00,-1.303572283880222615e+00,8.501982961509867431e-01,1.464710037964208844e+00,1.096002992876275561e+00,8.393539712954595222e-01
-1.593255013631383221e+00,-1.303572283880222615e+00,-1.013889554129062009e+00,1.464710037964208844e+00,1.096002992876275561e+00,8.393539712954595222e-01,7.663645645669496520e-02
-1.303572283880222615e+00,-1.013889554129062009e+00,-7.242068243779014036e-01,1.096002992876275561e+00,8.393539712954595222e-01,7.663645645669496520e-02,-3.903634200226398232e-02
-1.013889554129062009e+00,-7.242068243779014036e-01,-4.345240946267408533e-01,8.393539712954595222e-01,7.663645645669496520e-02,-3.903634200226398232e-02,-5.349544180963425322e-02
-7.242068243779014036e-01,-4.345240946267408533e-01,-1.448413648755802752e-01,7.663645645669496520e-02,-3.903634200226398232e-02,-5.349544180963425322e-02,-4.511206865123073562e-01
-4.345240946267408533e-01,-1.448413648755802752e-01,1.448413648755802752e-01,-3.903634200226398232e-02,-5.349544180963425322e-02,-4.511206865123073562e-01,-4.836536610788896851e-01
-1.448413648755802752e-01,1.448413648755802752e-01,4.345240946267408533e-01,-5.349544180963425322e-02,-4.511206865123073562e-01,-4.836536610788896851e-01,-3.643660876680876459e-01
1.448413648755802752e-01,4.345240946267408533e-01,7.242068243779014036e-01,-4.511206865123073562e-01,-4.836536610788896851e-01,-3.643660876680876459e-01,1.127842059751203163e-01
4.345240946267408533e-01,7.242068243779014036e-01,1.013889554129062009e+00,-4.836536610788896851e-01,-3.643660876680876459e-01,1.127842059751203163e-01,6.369265739922802538e-01
7.242068243779014036e-01,1.013889554129062009e+00,1.303572283880222615e+00,-3.643660876680876459e-01,1.127842059751203163e-01,6.369265739922802538e-01,1.081543893068905859e+00
1.013889554129062009e+00,1.303572283880222615e+00,1.593255013631383221e+00,1.127842059751203163e-01,6.369265739922802538e-01,1.081543893068905859e+00,1.135765517346543296e+00
1.303572283880222615e+00,1.593255013631383221e+00,-1.593255013631383221e+00,6.369265739922802538e-01,1.081543893068905859e+00,1.135765517346543296e+00,9.333381200433640279e-01
1.593255013631383221e+00,-1.593255013631383221e+00,-1.303572283880222615e+00,1.081543893068905859e+00,1.135765517346543296e+00,9.333381200433640279e-01,5.248685504851630101e-01
-1.593255013631383221e+00,-1.303572283880222615e+00,-1.013889554129062009e+00,1.135765517346543296e+00,9.333381200433640279e-01,5.248685504851630101e-01,2.176126795785520429e-01
-1.303572283880222615e+00,-1.013889554129062009e+00,-7.242068243779014036e-01,9.333381200433640279e-01,5.248685504851630101e-01,2.176126795785520429e-01,-2.450785142572859954e-01
-1.013889554129062009e+00,-7.242068243779014036e-01,-4.345240946267408533e-01,5.248685504851630101e-01,2.176126795785520429e-01,-2.450785142572859954e-01,-1.763977901722786623e-01
-7.242068243779014036e-01,-4.345240946267408533e-01,-1.448413648755802752e-01,2.176126795785520429e-01,-2.450785142572859954e-01,-1.763977901722786623e-01,-5.776378098267944683e-01
-4.345240946267408533e-01,-1.448413648755802752e-01,1.448413648755802752e-01,-2.450785142572859954e-01,-1.763977901722786623e-01,-5.776378098267944683e-01,1.511702112338161319e+00
-1.448413648755802752e-01,1.448413648755802752e-01,4.345240946267408533e-01,-1.763977901722786623e-01,-5.776378098267944683e-01,1.511702112338161319e+00,2.393013292896071231e-01
1.448413648755802752e-01,4.345240946267408533e-01,7.242068243779014036e-01,-5.776378098267944683e-01,1.511702112338161319e+00,2.393013292896071231e-01,5.357128753406908972e-01
4.345240946267408533e-01,7.242068243779014036e-01,1.013889554129062009e+00,1.511702112338161319e+00,2.393013292896071231e-01,5.357128753406908972e-01,2.646047539525046011e-01
7.242068243779014036e-01,1.013889554129062009e+00,1.303572283880222615e+00,2.393013292896071231e-01,5.357128753406908972e-01,2.646047539525046011e-01,6.513856737996498447e-01
1.013889554129062009e+00,1.303572283880222615e+00,1.593255013631383221e+00,5.357128753406908972e-01,2.646047539525046011e-01,6.513856737996498447e-01,1.406873638734729592e+00
1.303572283880222615e+00,1.593255013631383221e+00,-1.593255013631383221e+00,2.646047539525046011e-01,6.513856737996498447e-01,1.406873638734729592e+00,1.323733814842352308e+00
1.593255013631383221e+00,-1.593255013631383221e+00,-1.303572283880222615e+00,6.513856737996498447e-01,1.406873638734729592e+00,1.323733814842352308e+00,9.767154194654735777e-01
-1.593255013631383221e+00,-1.303572283880222615e+00,-1.013889554129062009e+00,1.406873638734729592e+00,1.323733814842352308e+00,9.767154194654735777e-01,7.272959477883423896e-01
-1.303572283880222615e+00,-1.013889554129062009e+00,-7.242068243779014036e-01,1.323733814842352308e+00,9.767154194654735777e-01,7.272959477883423896e-01,1.308580807343323604e-01
-1.013889554129062009e+00,-7.242068243779014036e-01,-4.345240946267408533e-01,9.767154194654735777e-01,7.272959477883423896e-01,1.308580807343323604e-01,6.940690655301015588e-02
-7.242068243779014036e-01,-4.345240946267408533e-01,-1.448413648755802752e-01,7.272959477883423896e-01,1.308580807343323604e-01,6.940690655301015588e-02,-2.306194144499160437e-01
-4.345240946267408533e-01,-1.448413648755802752e-01,1.448413648755802752e-01,1.308580807343323604e-01,6.940690655301015588e-02,-2.306194144499160437e-01,-6.390889840081167561e-01
-1.448413648755802752e-01,1.448413648755802752e-01,4.345240946267408533e-01,6.940690655301015588e-02,-2.306194144499160437e-01,-6.390889840081167561e-01,-4.511206865123073562e-01
1.448413648755802752e-01,4.345240946267408533e-01,7.242068243779014036e-01,-2.306194144499160437e-01,-6.390889840081167561e-01,-4.511206865123073562e-01,7.525993724512398675e-01
4.345240946267408533e-01,7.242068243779014036e-01,1.013889554129062009e+00,-6.390889840081167561e-01,-4.511206865123073562e-01,7.525993724512398675e-01,4.453435015446288170e-01
7.242068243779014036e-01,1.013889554129062009e+00,1.303572283880222615e+00,-4.511206865123073562e-01,7.525993724512398675e-01,4.453435015446288170e-01,1.345422464553407416e+00
1.013889554129062009e+00,1.303572283880222615e+00,1.593255013631383221e+00,7.525993724512398675e-01,4.453435015446288170e-01,1.345422464553407416e+00,1.305659940083139681e+00
1.303572283880222615e+00,1.593255013631383221e+00,-1.593255013631383221e+00,4.453435015446288170e-01,1.345422464553407416e+00,1.305659940083139681e+00,1.103232542779960301e+00
1.593255013631383221e+00,-1.593255013631383221e+00,-1.303572283880222615e+00,1.345422464553407416e+00,1.305659940083139681e+00,1.103232542779960301e+00,8.068209967288771933e-01
-1.593255013631383221e+00,-1.303572283880222615e+00,-1.013889554129062009e+00,1.305659940083139681e+00,1.103232542779960301e+00,8.068209967288771933e-01,4.598026013519984634e-01
-1.303572283880222615e+00,-1.013889554129062009e+00,-7.242068243779014036e-01,1.103232542779960301e+00,8.068209967288771933e-01,4.598026013519984634e-01,3.441298028930388497e-01
-1.013889554129062009e+00,-7.242068243779014036e-01,-4.345240946267408533e-01,8.068209967288771933e-01,4.598026013519984634e-01,3.441298028930388497e-01,7.345254976920271295e-01
-7.242068243779014036e-01,-4.345240946267408533e-01,-1.448413648755802752e-01,4.598026013519984634e-01,3.441298028930388497e-01,7.345254976920271295e-01,8.285096464399316352e-01
-4.345240946267408533e-01,-1.448413648755802752e-01,1.448413648755802752e-01,3.441298028930388497e-01,7.345254976920271295e-01,8.285096464399316352e-01,-6.065560094415344272e-01
-1.448413648755802752e-01,1.448413648755802752e-01,4.345240946267408533e-01,7.345254976920271295e-01,8.285096464399316352e-01,-6.065560094415344272e-01,-3.390626630051905011e-01
1.448413648755802752e-01,4.345240946267408533e-01,7.242068243779014036e-01,8.285096464399316352e-01,-6.065560094415344272e-01,-3.390626630051905011e-01,-2.739967138720255657e-01
4.345240946267408533e-01,7.242068243779014036e-01,1.013889554129062009e+00,-6.065560094415344272e-01,-3.390626630051905011e-01,-2.739967138720255657e-01,2.862934036635590429e-01
7.242068243779014036e-01,1.013889554129062009e+00,1.303572283880222615e+00,-3.390626630051905011e-01,-2.739967138720255657e-01,2.862934036635590429e-01,7.779027971141373454e-01
-1.593255013631383221e+00,-1.303572283880222615e+00,-1.013889554129062009e+00,3.441298028930388497e-01,-1.015025578999735112e+00,-1.011814238752408585e-02,-1.734769229120954048e-02
-1.303572283880222615e+00,-1.013889554129062009e+00,-7.242068243779014036e-01,-1.015025578999735112e+00,-1.011814238752408585e-02,-1.734769229120954048e-02,3.332854780375116288e-01
-1.013889554129062009e+00,-7.242068243779014036e-01,-4.345240946267408533e-01,-1.011814238752408585e-02,-1.734769229120954048e-02,3.332854780375116288e-01,1.002018844128371056e+00
-7.242068243779014036e-01,-4.345240946267408533e-01,-1.448413648755802752e-01,-1.734769229120954048e-02,3.332854780375116288e-01,1.002018844128371056e+00,-1.152387027169749389e+00
-4.345240946267408533e-01,-1.448413648755802752e-01,1.448413648755802752e-01,3.332854780375116288e-01,1.002018844128371056e+00,-1.152387027169749389e+00,-1.575315696535320109e+00
-1.448413648755802752e-01,1.448413648755802752e-01,4.345240946267408533e-01,1.002018844128371056e+00,-1.152387027169749389e+00,-1.575315696535320109e+00,-8.234425065520832865e-01
1.448413648755802752e-01,4.345240946267408533e-01,7.242068243779014036e-01,-1.152387027169749389e+00,-1.575315696535320109e+00,-8.234425065520832865e-01,-1.466872447980045457e+00
4.345240946267408533e-01,7.242068243779014036e-01,1.013889554129062009e+00,-1.575315696535320109e+00,-8.234425065520832865e-01,-1.466872447980045457e+00,-2.161603146425460920e-01
7.242068243779014036e-01,1.013889554129062009e+00,1.303572283880222615e+00,-8.234425065520832865e-01,-1.466872447980045457e+00,-2.161603146425460920e-01,2.393013292896071231e-01
1.013889554129062009e+00,1.303572283880222615e+00,1.593255013631383221e+00,-1.466872447980045457e+00,-2.161603146425460920e-01,2.393013292896071231e-01,-5.559491601157393603e-01
1.303572283880222615e+00,1.593255013631383221e+00,-1.593255013631383221e+00,-2.161603146425460920e-01,2.393013292896071231e-01,-5.559491601157393603e-01,1.146609842202070517e+00
1.593255013631383221e+00,-1.593255013631383221e+00,-1.303572283880222615e+00,2.393013292896071231e-01,-5.559491601157393603e-01,1.146609842202070517e+00,5.754753998109580770e-01
-1.593255013631383221e+00,-1.303572283880222615e+00,-1.013889554129062009e+00,-5.559491601157393603e-01,1.146609842202070517e+00,5.754753998109580770e-01,1.995388048193393604e-01
-1.303572283880222615e+00,-1.013889554129062009e+00,-7.242068243779014036e-01,1.146609842202070517e+00,5.754753998109580770e-01,1.995388048193393604e-01,1.706206052046001231e-01
-1.013889554129062009e+00,-7.242068243779014036e-01,-4.345240946267408533e-01,5.754753998109580770e-01,1.995388048193393604e-01,1.706206052046001231e-01,2.350329901165617574e+00
-7.242068243779014036e-01,-4.345240946267408533e-01,-1.448413648755802752e-01,1.995388048193393604e-01,1.706206052046001231e-01,2.350329901165617574e+00,-1.723521469560861608e+00
-4.345240946267408533e-01,-1.448413648755802752e-01,1.448413648755802752e-01,1.706206052046001231e-01,2.350329901165617574e+00,-1.723521469560861608e+00,7.923618969215069363e-01
-1.448413648755802752e-01,1.448413648755802752e-01,4.345240946267408533e-01,2.350329901165617574e+00,-1.723521469560861608e+00,7.923618969215069363e-01,-5.378752853565270664e-01
1.448413648755802752e-01,4.345240946267408533e-01,7.242068243779014036e-01,-1.723521469560861608e+00,7.923618969215069363e-01,-5.378752853565270664e-01,-1.583239154130663129e-01
4.345240946267408533e-01,7.242068243779014036e-01,1.013889554129062009e+00,7.923618969215069363e-01,-5.378752853565270664e-01,-1.583239154130663129e-01,-9.535744048184128241e-01
7.242068243779014036e-01,1.013889554129062009e+00,1.303572283880222615e+00,-5.378752853565270664e-01,-1.583239154130663129e-01,-9.535744048184128241e-01,5.610163000035878200e-01
1.013889554129062009e+00,1.303572283880222615e+00,1.593255013631383221e+00,-1.583239154130663129e-01,-9.535744048184128241e-01,5.610163000035878200e-01,-4.908832109825748136e-01
1.303572283880222615e+00,1.593255013631383221e+00,-1.593255013631383221e+00,-9.535744048184128241e-01,5.610163000035878200e-01,-4.908832109825748136e-01,-6.788515084783838249e-01
1.593255013631383221e+00,-1.593255013631383221e+00,-1.303572283880222615e+00,5.610163000035878200e-01,-4.908832109825748136e-01,-6.788515084783838249e-01,-1.828349943164294000e+00
-1.593255013631383221e+00,-1.303572283880222615e+00,-1.013889554129062009e+00,-4.908832109825748136e-01,-6.788515084783838249e-01,-1.828349943164294000e+00,3.296707030856692588e-01
-1.303572283880222615e+00,-1.013889554129062009e+00,-7.242068243779014036e-01,-6.788515084783838249e-01,-1.828349943164294000e+00,3.296707030856692588e-01,-1.253600725821339079e+00
-1.013889554129062009e+00,-7.242068243779014036e-01,-4.345240946267408533e-01,-1.828349943164294000e+00,3.296707030856692588e-01,-1.253600725821339079e+00,7.955732371687947863e-03
-7.242068243779014036e-01,-4.345240946267408533e-01,-1.448413648755802752e-01,3.296707030856692588e-01,-1.253600725821339079e+00,7.955732371687947863e-03,-2.641674307328852667e+00
-4.345240946267408533e-01,-1.448413648755802752e-01,1.448413648755802752e-01,-1.253600725821339079e+00,7.955732371687947863e-03,-2.641674307328852667e+00,-6.318594341044315721e-01
-1.448413648755802752e-01,1.448413648755802752e-01,4.345240946267408533e-01,7.955732371687947863e-03,-2.641674307328852667e+00,-6.318594341044315721e-01,-1.831964718116136259e+00
1.448413648755802752e-01,4.345240946267408533e-01,7.242068243779014036e-01,-2.641674307328852667e+00,-6.318594341044315721e-01,-1.831964718116136259e+00,-2.414637393054432646e-01
4.345240946267408533e-01,7.242068243779014036e-01,1.013889554129062009e+00,-6.318594341044315721e-01,-1.831964718116136259e+00,-2.414637393054432646e-01,-4.988066685779184856e-02
7.242068243779014036e-01,1.013889554129062009e+00,1.303572283880222615e+00,-1.831964718116136259e+00,-2.414637393054432646e-01,-4.988066685779184856e-02,-5.559491601157393603e-01
1.013889554129062009e+00,1.303572283880222615e+00,1.593255013631383221e+00,-2.414637393054432646e-01,-4.988066685779184856e-02,-5.559491601157393603e-01,4.417287265927863915e-01
1.303572283880222615e+00,1.593255013631383221e+00,-1.593255013631383221e+00,-4.988066685779184856e-02,-5.559491601157393603e-01,4.417287265927863915e-01,-8.234425065520832865e-01
1.593255013631383221e+00,-1.593255013631383221e+00,-1.303572283880222615e+00,-5.559491601157393603e-01,4.417287265927863915e-01,-8.234425065520832865e-01,3.549741277485667368e-01
-1.593255013631383221e+00,-1.303572283880222615e+00,-1.013889554129062009e+00,4.417287265927863915e-01,-8.234425065520832865e-01,3.549741277485667368e-01,-1.330204907501688072e-01
-1.303572283880222615e+00,-1.013889554129062009e+00,-7.242068243779014036e-01,-8.234425065520832865e-01,3.549741277485667368e-01,-1.330204907501688072e-01,-1.325896224858188477e+00
-1.013889554129062009e+00,-7.242068243779014036e-01,-4.345240946267408533e-01,3.549741277485667368e-01,-1.330204907501688072e-01,-1.325896224858188477e+00,1.873179607522409640e+00
-7.242068243779014036e-01,-4.345240946267408533e-01,-1.448413648755802752e-01,-1.330204907501688072e-01,-1.325896224858188477e+00,1.873179607522409640e+00,-1.734365794416389495e+00
-4.345240946267408533e-01,-1.448413648755802752e-01,1.448413648755802752e-01,-1.325896224858188477e+00,1.873179607522409640e+00,-1.734365794416389495e+00,-5.993264595378492432e-01
-1.448413648755802752e-01,1.448413648755802752e-01,4.345240946267408533e-01,1.873179607522409640e+00,-1.734365794416389495e+00,-5.993264595378492432e-01,-8.342868314076108405e-01
1.448413648755802752e-01,4.345240946267408533e-01,7.242068243779014036e-01,-1.734365794416389495e+00,-5.993264595378492432e-01,-8.342868314076108405e-01,-1.477716772835572678e+00
4.345240946267408533e-01,7.242068243779014036e-01,1.013889554129062009e+00,-5.993264595378492432e-01,-8.342868314076108405e-01,-1.477716772835572678e+00,-1.322281449906345996e+00
7.242068243779014036e-01,1.013889554129062009e+00,1.303572283880222615e+00,-8.342868314076108405e-01,-1.477716772835572678e+00,-1.322281449906345996e+00,-2.157294463781960214e+00
1.013889554129062009e+00,1.303572283880222615e+00,1.593255013631383221e+00,-1.477716772835572678e+00,-1.322281449906345996e+00,-2.157294463781960214e+00,-2.294655911951974492e+00
1.303572283880222615e+00,1.593255013631383221e+00,-1.593255013631383221e+00,-1.322281449906345996e+00,-2.157294463781960214e+00,-2.294655911951974492e+00,5.067946757259510493e-01
1.593255013631383221e+00,-1.593255013631383221e+00,-1.303572283880222615e+00,-2.157294463781960214e+00,-2.294655911951974492e+00,5.067946757259510493e-01,-7.403026826597060017e-01
-1.593255013631383221e+00,-1.303572283880222615e+00,-1.013889554129062009e+00,-2.294655911951974492e+00,5.067946757259510493e-01,-7.403026826597060017e-01,-1.365658749328455990e+00
-1.303572283880222615e+00,-1.013889554129062009e+00,-7.242068243779014036e-01,5.067946757259510493e-01,-7.403026826597060017e-01,-1.365658749328455990e+00,-2.016318240660103012e+00
-1.013889554129062009e+00,-7.242068243779014036e-01,-4.345240946267408533e-01,-7.403026826597060017e-01,-1.365658749328455990e+00,-2.016318240660103012e+00,-2.045236440274842860e+00
-7.242068243779014036e-01,-4.345240946267408533e-01,-1.448413648755802752e-01,-1.365658749328455990e+00,-2.016318240660103012e+00,-2.045236440274842860e+00,-5.342605104046846964e-01
-4.345240946267408533e-01,-1.448413648755802752e-01,1.448413648755802752e-01,-2.016318240660103012e+00,-2.045236440274842860e+00,-5.342605104046846964e-01,-1.394576948943195838e+00
-1.448413648755802752e-01,1.448413648755802752e-01,4.345240946267408533e-01,-2.045236440274842860e+00,-5.342605104046846964e-01,-1.394576948943195838e+00,-1.376503074183983433e+00
1.448413648755802752e-01,4.345240946267408533e-01,7.242068243779014036e-01,-5.342605104046846964e-01,-1.394576948943195838e+00,-1.376503074183983433e+00,-1.680144170138752058e+00
4.345240946267408533e-01,7.242068243779014036e-01,1.013889554129062009e+00,-1.394576948943195838e+00,-1.376503074183983433e+00,-1.680144170138752058e+00,-2.077769414841425188e+00
7.242068243779014036e-01,1.013889554129062009e+00,1.303572283880222615e+00,-1.376503074183983433e+00,-1.680144170138752058e+00,-2.077769414841425188e+00,-2.533231058773578237e+00
1.013889554129062009e+00,1.303572283880222615e+00,1.593255013631383221e+00,-1.680144170138752058e+00,-2.077769414841425188e+00,-2.533231058773578237e+00,-1.474101997883730419e+00
1.303572283880222615e+00,1.593255013631383221e+00,-1.593255013631383221e+00,-2.077769414841425188e+00,-2.533231058773578237e+00,-1.474101997883730419e+00,1.302045165131297200e+00
1.593255013631383221e+00,-1.593255013631383221e+00,-1.303572283880222615e+00,-2.533231058773578237e+00,-1.474101997883730419e+00,1.302045165131297200e+00,-2.088613739696952631e+00
-1.593255013631383221e+00,-1.303572283880222615e+00,-1.013889554129062009e+00,-1.474101997883730419e+00,1.302045165131297200e+00,-2.088613739696952631e+00,-1.969326166286150759e+00
-1.303572283880222615e+00,-1.013889554129062009e+00,-7.242068243779014036e-01,1.302045165131297200e+00,-2.088613739696952631e+00,-1.969326166286150759e+00,-1.792202193645869190e+00
-1.013889554129062009e+00,-7.242068243779014036e-01,-4.345240946267408533e-01,-2.088613739696952631e+00,-1.969326166286150759e+00,-1.792202193645869190e+00,-3.246035631978205771e-01
-7.242068243779014036e-01,-4.345240946267408533e-01,-1.448413648755802752e-01,-1.969326166286150759e+00,-1.792202193645869190e+00,-3.246035631978205771e-01,-1.687373720042436798e+00
-4.345240946267408533e-01,-1.448413648755802752e-01,1.448413648755802752e-01,-1.792202193645869190e+00,-3.246035631978205771e-01,-1.687373720042436798e+00,-1.362043974376613509e+00
-1.448413648755802752e-01,1.448413648755802752e-01,4.345240946267408533e-01,-3.246035631978205771e-01,-1.687373720042436798e+00,-1.362043974376613509e+00,-8.125981816965557325e-01
1.448413648755802752e-01,4.345240946267408533e-01,7.242068243779014036e-01,-1.687373720042436798e+00,-1.362043974376613509e+00,-8.125981816965557325e-01,3.188263782301413718e-01
4.345240946267408533e-01,7.242068243779014036e-01,1.013889554129062009e+00,-1.362043974376613509e+00,-8.125981816965557325e-01,3.188263782301413718e-01,-2.175368338541172175e+00
7.242068243779014036e-01,1.013889554129062009e+00,1.303572283880222615e+00,-8.125981816965557325e-01,3.188263782301413718e-01,-2.175368338541172175e+00,-1.734365794416389495e+00
1.013889554129062009e+00,1.303572283880222615e+00,1.593255013631383221e+00,3.188263782301413718e-01,-2.175368338541172175e+00,-1.734365794416389495e+00,-2.460935559736728617e+00
1.303572283880222615e+00,1.593255013631383221e+00,-1.593255013631383221e+00,-2.175368338541172175e+00,-1.734365794416389495e+00,-2.460935559736728617e+00,-5.711021676147665788e-02
1.593255013631383221e+00,-1.593255013631383221e+00,-1.303572283880222615e+00,-1.734365794416389495e+00,-2.460935559736728617e+00,-5.711021676147665788e-02,6.694595485588625827e-01
-1.593255013631383221e+00,-1.303572283880222615e+00,-1.013889554129062009e+00,-2.460935559736728617e+00,-5.711021676147665788e-02,6.694595485588625827e-01,-1.719906694609019127e+00
-1.303572283880222615e+00,-1.013889554129062009e+00,-7.242068243779014036e-01,-5.711021676147665788e-02,6.694595485588625827e-01,-1.719906694609019127e+00,-2.327188886518556821e+00
-1.013889554129062009e+00,-7.242068243779014036e-01,-4.345240946267408533e-01,6.694595485588625827e-01,-1.719906694609019127e+00,-2.327188886518556821e+00,8.646573959583570002e-01
-7.242068243779014036e-01,-4.345240946267408533e-01,-1.448413648755802752e-01,-1.719906694609019127e+00,-2.327188886518556821e+00,8.646573959583570002e-01,-1.271674600580551484e+00
-4.345240946267408533e-01,-1.448413648755802752e-01,1.448413648755802752e-01,-2.327188886518556821e+00,8.646573959583570002e-01,-1.271674600580551484e+00,-9.897221543368375229e-01
-1.448413648755802752e-01,1.448413648755802752e-01,4.345240946267408533e-01,8.646573959583570002e-01,-1.271674600580551484e+00,-9.897221543368375229e-01,-2.211516088059596985e+00
1.448413648755802752e-01,4.345240946267408533e-01,7.242068243779014036e-01,-1.271674600580551484e+00,-9.897221543368375229e-01,-2.211516088059596985e+00,-2.993001385349230437e-01
4.345240946267408533e-01,7.242068243779014036e-01,1.013889554129062009e+00,-9.897221543368375229e-01,-2.211516088059596985e+00,-2.993001385349230437e-01,3.332854780375116288e-01
7.242068243779014036e-01,1.013889554129062009e+00,1.303572283880222615e+00,-2.211516088059596985e+00,-2.993001385349230437e-01,3.332854780375116288e-01,-2.381410510796193591e+00
-1.593255013631383221e+00,-1.303572283880222615e+00,-1.013889554129062009e+00,7.056072980772872816e-01,1.251438315805502244e+00,7.056072980772872816e-01,7.092220730291296515e-01
-1.303572283880222615e+00,-1.013889554129062009e+00,-7.242068243779014036e-01,1.251438315805502244e+00,7.056072980772872816e-01,7.092220730291296515e-01,1.814649300601273441e-01
-1.013889554129062009e+00,-7.242068243779014036e-01,-4.345240946267408533e-01,7.056072980772872816e-01,7.092220730291296515e-01,1.814649300601273441e-01,-2.306194144499160437e-01
-7.242068243779014036e-01,-4.345240946267408533e-01,-1.448413648755802752e-01,7.092220730291296515e-01,1.814649300601273441e-01,-2.306194144499160437e-01,-3.715956375717728299e-01
-4.345240946267408533e-01,-1.448413648755802752e-01,1.448413648755802752e-01,1.814649300601273441e-01,-2.306194144499160437e-01,-3.715956375717728299e-01,-3.354478880533480756e-01
-1.448413648755802752e-01,1.448413648755802752e-01,4.345240946267408533e-01,-2.306194144499160437e-01,-3.715956375717728299e-01,-3.354478880533480756e-01,-4.265111695410703230e-02
1.448413648755802752e-01,4.345240946267408533e-01,7.242068243779014036e-01,-3.715956375717728299e-01,-3.354478880533480756e-01,-4.265111695410703230e-02,1.019398811195924570e-01
4.345240946267408533e-01,7.242068243779014036e-01,1.013889554129062009e+00,-3.354478880533480756e-01,-4.265111695410703230e-02,1.019398811195924570e-01,7.453698225475550165e-01
7.242068243779014036e-01,1.013889554129062009e+00,1.303572283880222615e+00,-4.265111695410703230e-02,1.019398811195924570e-01,7.453698225475550165e-01,9.984040691765286857e-01
1.013889554129062009e+00,1.303572283880222615e+00,1.593255013631383221e+00,1.019398811195924570e-01,7.453698225475550165e-01,9.984040691765286857e-01,8.827312707175690720e-01
1.303572283880222615e+00,1.593255013631383221e+00,-1.593255013631383221e+00,7.453698225475550165e-01,9.984040691765286857e-01,8.827312707175690720e-01,1.247823540853659763e+00
1.593255013631383221e+00,-1.593255013631383221e+00,-1.303572283880222615e+00,9.984040691765286857e-01,8.827312707175690720e-01,1.247823540853659763e+00,4.923355759185807368e-01
-1.593255013631383221e+00,-1.303572283880222615e+00,-1.013889554129062009e+00,8.827312707175690720e-01,1.247823540853659763e+00,4.923355759185807368e-01,-1.373291733936713582e-02
-1.303572283880222615e+00,-1.013889554129062009e+00,-7.242068243779014036e-01,1.247823540853659763e+00,4.923355759185807368e-01,-1.373291733936713582e-02,2.602960713090062689e-02
-1.013889554129062009e+00,-7.242068243779014036e-01,-4.345240946267408533e-01,4.923355759185807368e-01,-1.373291733936713582e-02,2.602960713090062689e-02,-1.257909408464840118e-01
-7.242068243779014036e-01,-4.345240946267408533e-01,-1.448413648755802752e-01,-1.373291733936713582e-02,2.602960713090062689e-02,-1.257909408464840118e-01,-5.198014105973146615e-01
-4.345240946267408533e-01,-1.448413648755802752e-01,1.448413648755802752e-01,2.602960713090062689e-02,-1.257909408464840118e-01,-5.198014105973146615e-01,3.325915703458543621e-02
-1.448413648755802752e-01,1.448413648755802752e-01,4.345240946267408533e-01,-1.257909408464840118e-01,-5.198014105973146615e-01,3.325915703458543621e-02,-2.414637393054432646e-01
1.448413648755802752e-01,4.345240946267408533e-01,7.242068243779014036e-01,-5.198014105973146615e-01,3.325915703458543621e-02,-2.414637393054432646e-01,3.687393198642784781e-02
4.345240946267408533e-01,7.242068243779014036e-01,1.013889554129062009e+00,3.325915703458543621e-02,-2.414637393054432646e-01,3.687393198642784781e-02,6.586152237033353618e-01
7.242068243779014036e-01,1.013889554129062009e+00,1.303572283880222615e+00,-2.414637393054432646e-01,3.687393198642784781e-02,6.586152237033353618e-01,1.298430390179454941e+00
1.013889554129062009e+00,1.303572283880222615e+00,1.593255013631383221e+00,3.687393198642784781e-02,6.586152237033353618e-01,1.298430390179454941e+00,1.164683716961283144e+00
1.303572283880222615e+00,1.593255013631383221e+00,-1.593255013631383221e+00,6.586152237033353618e-01,1.298430390179454941e+00,1.164683716961283144e+00,1.388799763975516965e+00
1.593255013631383221e+00,-1.593255013631383221e+00,-1.303572283880222615e+00,1.298430390179454941e+00,1.164683716961283144e+00,1.388799763975516965e+00,4.164253019298889136e-01
-1.593255013631383221e+00,-1.303572283880222615e+00,-1.013889554129062009e+00,1.164683716961283144e+00,1.388799763975516965e+00,4.164253019298889136e-01,-6.503367435681679451e-03
-1.303572283880222615e+00,-1.013889554129062009e+00,-7.242068243779014036e-01,1.388799763975516965e+00,4.164253019298889136e-01,-6.503367435681679451e-03,3.911218772669914356e-01
-1.013889554129062009e+00,-7.242068243779014036e-01,-4.345240946267408533e-01,4.164253019298889136e-01,-6.503367435681679451e-03,3.911218772669914356e-01,-2.523080641609707908e-01
-7.242068243779014036e-01,-4.345240946267408533e-01,-1.448413648755802752e-01,-6.503367435681679451e-03,3.911218772669914356e-01,-2.523080641609707908e-01,-2.523080641609707908e-01
-4.345240946267408533e-01,-1.448413648755802752e-01,1.448413648755802752e-01,3.911218772669914356e-01,-2.523080641609707908e-01,-2.523080641609707908e-01,-5.125718606936295885e-01
-1.448413648755802752e-01,1.448413648755802752e-01,4.345240946267408533e-01,-2.523080641609707908e-01,-2.523080641609707908e-01,-5.125718606936295885e-01,-5.125718606936295885e-01
1.448413648755802752e-01,4.345240946267408533e-01,7.242068243779014036e-01,-2.523080641609707908e-01,-5.125718606936295885e-01,-5.125718606936295885e-01,7.955732371687947863e-03
4.345240946267408533e-01,7.242068243779014036e-01,1.013889554129062009e+00,-5.125718606936295885e-01,-5.125718606936295885e-01,7.955732371687947863e-03,5.140242256296357892e-01
