-1.595443795428444611e+00,-1.306293596738125062e+00,-1.017143398047805514e+00,4.336305293245660053e+00,2.421324768042199427e+00,2.034989967191687565e+00,1.603291533956937090e-02
-1.306293596738125062e+00,-1.017143398047805514e+00,-7.279931993574858540e-01,2.421324768042199427e+00,2.034989967191687565e+00,1.603291533956937090e-02,2.178553887013914725e+00
-1.017143398047805514e+00,-7.279931993574858540e-01,-4.388430006671663053e-01,2.034989967191687565e+00,1.603291533956937090e-02,2.178553887013914725e+00,-5.312578357811481577e-02
-7.279931993574858540e-01,-4.388430006671663053e-01,-1.496928019768467288e-01,1.603291533956937090e-02,2.178553887013914725e+00,-5.312578357811481577e-02,1.062475573445770038e+00
-4.388430006671663053e-01,-1.496928019768467288e-01,1.394573967134728198e-01,2.178553887013914725e+00,-5.312578357811481577e-02,1.062475573445770038e+00,1.004286875046063177e+00
-1.496928019768467288e-01,1.394573967134728198e-01,4.286075954037923963e-01,-5.312578357811481577e-02,1.062475573445770038e+00,1.004286875046063177e+00,9.174807839907630491e-01
1.394573967134728198e-01,4.286075954037923963e-01,7.177577940941118895e-01,1.062475573445770038e+00,1.004286875046063177e+00,9.174807839907630491e-01,1.602867338092226479e+00
4.286075954037923963e-01,7.177577940941118895e-01,1.006907992784431549e+00,1.004286875046063177e+00,9.174807839907630491e-01,1.602867338092226479e+00,2.199539974961349564e+00
7.177577940941118895e-01,1.006907992784431549e+00,1.296058191474751098e+00,9.174807839907630491e-01,1.602867338092226479e+00,2.199539974961349564e+00,1.770279085127448138e+00
1.006907992784431549e+00,1.296058191474751098e+00,1.585208390165070647e+00,1.602867338092226479e+00,2.199539974961349564e+00,1.770279085127448138e+00,6.704172940641397460e-01
1.296058191474751098e+00,1.585208390165070647e+00,-1.595443795428444611e+00,2.199539974961349564e+00,1.770279085127448138e+00,6.704172940641397460e-01,1.070106878153928243e+00
1.585208390165070647e+00,-1.595443795428444611e+00,-1.306293596738125062e+00,1.770279085127448138e+00,6.704172940641397460e-01,1.070106878153928243e+00,4.083518324787918985e+00
-1.595443795428444611e+00,-1.306293596738125062e+00,-1.017143398047805514e+00,6.704172940641397460e-01,1.070106878153928243e+00,4.083518324787918985e+00,1.250873408428426758e+00
-1.306293596738125062e+00,-1.017143398047805514e+00,-7.279931993574858540e-01,1.070106878153928243e+00,4.083518324787918985e+00,1.250873408428426758e+00,1.152143403766629381e+00
-1.017143398047805514e+00,-7.279931993574858540e-01,-4.388430006671663053e-01,4.083518324787918985e+00,1.250873408428426758e+00,1.152143403766629381e+00,7.882255604963327444e-01
-7.279931993574858540e-01,-4.388430006671663053e-01,-1.496928019768467288e-01,1.250873408428426758e+00,1.152143403766629381e+00,7.882255604963327444e-01,9.594529598856335051e-01
-4.388430006671663053e-01,-1.496928019768467288e-01,1.394573967134728198e-01,1.152143403766629381e+00,7.882255604963327444e-01,9.594529598856335051e-01,-4.356449320745472975e-01
-1.496928019768467288e-01,1.394573967134728198e-01,4.286075954037923963e-01,7.882255604963327444e-01,9.594529598856335051e-01,-4.356449320745472975e-01,-6.746001607487526197e-01
1.394573967134728198e-01,4.286075954037923963e-01,7.177577940941118895e-01,9.594529598856335051e-01,-4.356449320745472975e-01,-6.746001607487526197e-01,1.831329522792714215e+00
4.286075954037923963e-01,7.177577940941118895e-01,1.006907992784431549e+00,-4.356449320745472975e-01,-6.746001607487526197e-01,1.831329522792714215e+00,2.897804355757830130e+00
7.177577940941118895e-01,1.006907992784431549e+00,1.296058191474751098e+00,-6.746001607487526197e-01,1.831329522792714215e+00,2.897804355757830130e+00,1.884748655749822088e+00
1.006907992784431549e+00,1.296058191474751098e+00,1.585208390165070647e+00,1.831329522792714215e+00,2.897804355757830130e+00,1.884748655749822088e+00,2.804797829627151184e+00
1.296058191474751098e+00,1.585208390165070647e+00,-1.595443795428444611e+00,2.897804355757830130e+00,1.884748655749822088e+00,2.804797829627151184e+00,3.093833495448644832e+00
1.585208390165070647e+00,-1.595443795428444611e+00,-1.306293596738125062e+00,1.884748655749822088e+00,2.804797829627151184e+00,3.093833495448644832e+00,3.606084823983768395e+00
-1.595443795428444611e+00,-1.306293596738125062e+00,-1.017143398047805514e+00,2.804797829627151184e+00,3.093833495448644832e+00,3.606084823983768395e+00,2.216710410554705746e+00
-1.306293596738125062e+00,-1.017143398047805514e+00,-7.279931993574858540e-01,3.093833495448644832e+00,3.606084823983768395e+00,2.216710410554705746e+00,9.661303515052721558e-01
-1.017143398047805514e+00,-7.279931993574858540e-01,-4.388430006671663053e-01,3.606084823983768395e+00,2.216710410554705746e+00,9.661303515052721558e-01,1.991842283353675302e-01
-7.279931993574858540e-01,-4.388430006671663053e-01,-1.496928019768467288e-01,2.216710410554705746e+00,9.661303515052721558e-01,1.991842283353675302e-01,1.211762971799115851e+00
-4.388430006671663053e-01,-1.496928019768467288e-01,1.394573967134728198e-01,9.661303515052721558e-01,1.991842283353675302e-01,1.211762971799115851e+00,1.300953845575715473e+00
-1.496928019768467288e-01,1.394573967134728198e-01,4.286075954037923963e-01,1.991842283353675302e-01,1.211762971799115851e+00,1.300953845575715473e+00,1.187915144586121352e+00
1.394573967134728198e-01,4.286075954037923963e-01,7.177577940941118895e-01,1.211762971799115851e+00,1.300953845575715473e+00,1.187915144586121352e+00,4.376625004653129647e-01
4.286075954037923963e-01,7.177577940941118895e-01,1.006907992784431549e+00,1.300953845575715473e+00,1.187915144586121352e+00,4.376625004653129647e-01,2.055022142050602962e+00
7.177577940941118895e-01,1.006907992784431549e+00,1.296058191474751098e+00,1.187915144586121352e+00,4.376625004653129647e-01,2.055022142050602962e+00,1.705889951652362901e+00
1.006907992784431549e+00,1.296058191474751098e+00,1.585208390165070647e+00,4.376625004653129647e-01,2.055022142050602962e+00,1.705889951652362901e+00,4.777268501831438141e-01
1.296058191474751098e+00,1.585208390165070647e+00,-1.595443795428444611e+00,2.055022142050602962e+00,1.705889951652362901e+00,4.777268501831438141e-01,2.663141735981963798e+00
1.585208390165070647e+00,-1.595443795428444611e+00,-1.306293596738125062e+00,1.705889951652362901e+00,4.777268501831438141e-01,2.663141735981963798e+00,3.148206541494272592e+00
-1.595443795428444611e+00,-1.306293596738125062e+00,-1.017143398047805514e+00,4.777268501831438141e-01,2.663141735981963798e+00,3.148206541494272592e+00,5.969659862481165868e-01
-1.306293596738125062e+00,-1.017143398047805514e+00,-7.279931993574858540e-01,2.663141735981963798e+00,3.148206541494272592e+00,5.969659862481165868e-01,2.640247821857489186e+00
-1.017143398047805514e+00,-7.279931993574858540e-01,-4.388430006671663053e-01,3.148206541494272592e+00,5.969659862481165868e-01,2.640247821857489186e+00,1.531800812997502703e+00
-7.279931993574858540e-01,-4.388430006671663053e-01,-1.496928019768467288e-01,5.969659862481165868e-01,2.640247821857489186e+00,1.531800812997502703e+00,5.950581600710770358e-01
-4.388430006671663053e-01,-1.496928019768467288e-01,1.394573967134728198e-01,2.640247821857489186e+00,1.531800812997502703e+00,5.950581600710770358e-01,4.357546742882734137e-01
-1.496928019768467288e-01,1.394573967134728198e-01,4.286075954037923963e-01,1.531800812997502703e+00,5.950581600710770358e-01,4.357546742882734137e-01,4.433859789964316733e-01
1.394573967134728198e-01,4.286075954037923963e-01,7.177577940941118895e-01,5.950581600710770358e-01,4.357546742882734137e-01,4.433859789964316733e-01,3.613494533837303679e-01
4.286075954037923963e-01,7.177577940941118895e-01,1.006907992784431549e+00,4.357546742882734137e-01,4.433859789964316733e-01,3.613494533837303679e-01,2.231019106882502712e+00
7.177577940941118895e-01,1.006907992784431549e+00,1.296058191474751098e+00,4.433859789964316733e-01,3.613494533837303679e-01,2.231019106882502712e+00,2.868710006557976921e+00
1.006907992784431549e+00,1.296058191474751098e+00,1.585208390165070647e+00,3.613494533837303679e-01,2.231019106882502712e+00,2.868710006557976921e+00,2.848200875154801359e+00
1.296058191474751098e+00,1.585208390165070647e+00,-1.595443795428444611e+00,2.231019106882502712e+00,2.868710006557976921e+00,2.848200875154801359e+00,2.872048702367795858e+00
1.585208390165070647e+00,-1.595443795428444611e+00,-1.306293596738125062e+00,2.868710006557976921e+00,2.848200875154801359e+00,2.872048702367795858e+00,2.757579131745422352e+00
-1.595443795428444611e+00,-1.306293596738125062e+00,-1.017143398047805514e+00,2.848200875154801359e+00,2.872048702367795858e+00,2.757579131745422352e+00,2.724192173647229875e+00
-1.306293596738125062e+00,-1.017143398047805514e+00,-7.279931993574858540e-01,2.872048702367795858e+00,2.757579131745422352e+00,2.724192173647229875e+00,2.476174770632086464e+00
-1.017143398047805514e+00,-7.279931993574858540e-01,-4.388430006671663053e-01,2.757579131745422352e+00,2.724192173647229875e+00,2.476174770632086464e+00,8.068268657224685336e-01
-7.279931993574858540e-01,-4.388430006671663053e-01,-1.496928019768467288e-01,2.724192173647229875e+00,2.476174770632086464e+00,8.068268657224685336e-01,-6.574297251553965493e-01
-4.388430006671663053e-01,-1.496928019768467288e-01,1.394573967134728198e-01,2.476174770632086464e+00,8.068268657224685336e-01,-6.574297251553965493e-01,1.341018195293546045e+00
-1.496928019768467288e-01,1.394573967134728198e-01,4.286075954037923963e-01,8.068268657224685336e-01,-6.574297251553965493e-01,1.341018195293546045e+00,1.574726901980892713e+00
1.394573967134728198e-01,4.286075954037923963e-01,7.177577940941118895e-01,-6.574297251553965493e-01,1.341018195293546045e+00,1.574726901980892713e+00,2.008757357257393572e+00
4.286075954037923963e-01,7.177577940941118895e-01,1.006907992784431549e+00,1.341018195293546045e+00,1.574726901980892713e+00,2.008757357257393572e+00,2.562026948598866927e+00
7.177577940941118895e-01,1.006907992784431549e+00,1.296058191474751098e+00,1.574726901980892713e+00,2.008757357257393572e+00,2.562026948598866927e+00,2.127996493322366067e+00
1.006907992784431549e+00,1.296058191474751098e+00,1.585208390165070647e+00,2.008757357257393572e+00,2.562026948598866927e+00,2.127996493322366067e+00,3.258383503218307276e+00
1.296058191474751098e+00,1.585208390165070647e+00,-1.595443795428444611e+00,2.562026948598866927e+00,2.127996493322366067e+00,3.258383503218307276e+00,2.838661744269603826e+00
1.585208390165070647e+00,-1.595443795428444611e+00,-1.306293596738125062e+00,2.127996493322366067e+00,3.258383503218307276e+00,2.838661744269603826e+00,3.625640042298424071e+00
-1.595443795428444611e+00,-1.306293596738125062e+00,-1.017143398047805514e+00,3.258383503218307276e+00,2.838661744269603826e+00,3.625640042298424071e+00,2.705113911876834365e+00
-1.306293596738125062e+00,-1.017143398047805514e+00,-7.279931993574858540e-01,2.838661744269603826e+00,3.625640042298424071e+00,2.705113911876834365e+00,2.614492168467454913e+00
-1.017143398047805514e+00,-7.279931993574858540e-01,-4.388430006671663053e-01,3.625640042298424071e+00,2.705113911876834365e+00,2.614492168467454913e+00,1.317170368080551768e+00
-7.279931993574858540e-01,-4.388430006671663053e-01,-1.496928019768467288e-01,2.705113911876834365e+00,2.614492168467454913e+00,1.317170368080551768e+00,1.298092106310156035e+00
-4.388430006671663053e-01,-1.496928019768467288e-01,1.394573967134728198e-01,2.614492168467454913e+00,1.317170368080551768e+00,1.298092106310156035e+00,6.277465667703871488e-02
-1.496928019768467288e-01,1.394573967134728198e-01,4.286075954037923963e-01,1.317170368080551768e+00,1.298092106310156035e+00,6.277465667703871488e-02,1.417331242375128753e+00
1.394573967134728198e-01,4.286075954037923963e-01,7.177577940941118895e-01,1.298092106310156035e+00,6.277465667703871488e-02,1.417331242375128753e+00,1.932444310175810864e+00
4.286075954037923963e-01,7.177577940941118895e-01,1.006907992784431549e+00,6.277465667703871488e-02,1.417331242375128753e+00,1.932444310175810864e+00,4.968051119535394911e-01
7.177577940941118895e-01,1.006907992784431549e+00,1.296058191474751098e+00,1.417331242375128753e+00,1.932444310175810864e+00,4.968051119535394911e-01,1.431639938702925496e+00
1.006907992784431549e+00,1.296058191474751098e+00,1.585208390165070647e+00,1.932444310175810864e+00,4.968051119535394911e-01,1.431639938702925496e+00,2.657418257450844923e+00
1.296058191474751098e+00,1.585208390165070647e+00,-1.595443795428444611e+00,4.968051119535394911e-01,1.431639938702925496e+00,2.657418257450844923e+00,1.569957336538293946e+00
1.585208390165070647e+00,-1.595443795428444611e+00,-1.306293596738125062e+00,1.431639938702925496e+00,2.657418257450844923e+00,1.569957336538293946e+00,3.210687848792318277e+00
-1.595443795428444611e+00,-1.306293596738125062e+00,-1.017143398047805514e+00,2.657418257450844923e+00,1.569957336538293946e+00,3.210687848792318277e+00,9.880703525412269927e-01
-1.306293596738125062e+00,-1.017143398047805514e+00,-7.279931993574858540e-01,1.569957336538293946e+00,3.210687848792318277e+00,9.880703525412269927e-01,7.877486039520729122e-01
-1.017143398047805514e+00,-7.279931993574858540e-01,-4.388430006671663053e-01,3.210687848792318277e+00,9.880703525412269927e-01,7.877486039520729122e-01,9.308355672300400174e-01
-7.279931993574858540e-01,-4.388430006671663053e-01,-1.496928019768467288e-01,9.880703525412269927e-01,7.877486039520729122e-01,9.308355672300400174e-01,7.114355568704902044e-01
-4.388430006671663053e-01,-1.496928019768467288e-01,1.394573967134728198e-01,7.877486039520729122e-01,9.308355672300400174e-01,7.114355568704902044e-01,8.926790436892487746e-01
-1.496928019768467288e-01,1.394573967134728198e-01,4.286075954037923963e-01,9.308355672300400174e-01,7.114355568704902044e-01,8.926790436892487746e-01,3.727964104459677297e-01
1.394573967134728198e-01,4.286075954037923963e-01,7.177577940941118895e-01,7.114355568704902044e-01,8.926790436892487746e-01,3.727964104459677297e-01,8.592920855910564093e-01
4.286075954037923963e-01,7.177577940941118895e-01,1.006907992784431549e+00,8.926790436892487746e-01,3.727964104459677297e-01,8.592920855910564093e-01,8.115964311650673002e-01
7.177577940941118895e-01,1.006907992784431549e+00,1.296058191474751098e+00,3.727964104459677297e-01,8.592920855910564093e-01,8.115964311650673002e-01,1.765509519684849371e+00
-1.595443795428444611e+00,-1.306293596738125062e+00,-1.017143398047805514e+00,1.722583430701458695e+00,-4.406360923717683037e-02,-1.079757861680022690e-01,6.325161322129856101e-02
-1.306293596738125062e+00,-1.017143398047805514e+00,-7.279931993574858540e-01,-4.406360923717683037e-02,-1.079757861680022690e-01,6.325161322129856101e-02,2.072924895877856222e-01
-1.017143398047805514e+00,-7.279931993574858540e-01,-4.388430006671663053e-01,-1.079757861680022690e-01,6.325161322129856101e-02,2.072924895877856222e-01,-6.736462476602328442e-01
-7.279931993574858540e-01,-4.388430006671663053e-01,-1.496928019768467288e-01,6.325161322129856101e-02,2.072924895877856222e-01,-6.736462476602328442e-01,-6.760310303815323385e-01
-4.388430006671663053e-01,-1.496928019768467288e-01,1.394573967134728198e-01,2.072924895877856222e-01,-6.736462476602328442e-01,-6.760310303815323385e-01,-6.698305953061537421e-01
-1.496928019768467288e-01,1.394573967134728198e-01,4.286075954037923963e-01,-6.736462476602328442e-01,-6.760310303815323385e-01,-6.698305953061537421e-01,-4.480458022253044348e-01
1.394573967134728198e-01,4.286075954037923963e-01,7.177577940941118895e-01,-6.760310303815323385e-01,-6.698305953061537421e-01,-4.480458022253044348e-01,-1.518557882399122760e-01
4.286075954037923963e-01,7.177577940941118895e-01,1.006907992784431549e+00,-6.698305953061537421e-01,-4.480458022253044348e-01,-1.518557882399122760e-01,5.683485935925230992e-01
7.177577940941118895e-01,1.006907992784431549e+00,1.296058191474751098e+00,-4.480458022253044348e-01,-1.518557882399122760e-01,5.683485935925230992e-01,-5.897018958704920433e-01
1.006907992784431549e+00,1.296058191474751098e+00,1.585208390165070647e+00,-1.518557882399122760e-01,5.683485935925230992e-01,-5.897018958704920433e-01,-6.030566791097690116e-01
1.296058191474751098e+00,1.585208390165070647e+00,-1.595443795428444611e+00,5.683485935925230992e-01,-5.897018958704920433e-01,-6.030566791097690116e-01,-5.038497179037116913e-01
1.585208390165070647e+00,-1.595443795428444611e+00,-1.306293596738125062e+00,-5.897018958704920433e-01,-6.030566791097690116e-01,-5.038497179037116913e-01,-5.835014607951134469e-01
-1.595443795428444611e+00,-1.306293596738125062e+00,-1.017143398047805514e+00,-6.030566791097690116e-01,-5.038497179037116913e-01,-5.835014607951134469e-01,4.805885894487030852e-01
-1.306293596738125062e+00,-1.017143398047805514e+00,-7.279931993574858540e-01,-5.038497179037116913e-01,-5.835014607951134469e-01,4.805885894487030852e-01,-2.119523128166584669e-01
-1.017143398047805514e+00,-7.279931993574858540e-01,-4.388430006671663053e-01,-5.835014607951134469e-01,4.805885894487030852e-01,-2.119523128166584669e-01,-2.834957944556421028e-01
-7.279931993574858540e-01,-4.388430006671663053e-01,-1.496928019768467288e-01,4.805885894487030852e-01,-2.119523128166584669e-01,-2.834957944556421028e-01,-6.669688560405943045e-01
-4.388430006671663053e-01,-1.496928019768467288e-01,1.394573967134728198e-01,-2.119523128166584669e-01,-2.834957944556421028e-01,-6.669688560405943045e-01,-6.717384214831932931e-01
-1.496928019768467288e-01,1.394573967134728198e-01,4.286075954037923963e-01,-2.834957944556421028e-01,-6.669688560405943045e-01,-6.717384214831932931e-01,-6.536140728013173362e-01
1.394573967134728198e-01,4.286075954037923963e-01,7.177577940941118895e-01,-6.669688560405943045e-01,-6.717384214831932931e-01,-6.536140728013173362e-01,-3.540853630061059909e-01
4.286075954037923963e-01,7.177577940941118895e-01,1.006907992784431549e+00,-6.717384214831932931e-01,-6.536140728013173362e-01,-3.540853630061059909e-01,-2.238762264231557442e-01
7.177577940941118895e-01,1.006907992784431549e+00,1.296058191474751098e+00,-6.536140728013173362e-01,-3.540853630061059909e-01,-2.238762264231557442e-01,2.248189542475858449e+00
1.006907992784431549e+00,1.296058191474751098e+00,1.585208390165070647e+00,-3.540853630061059909e-01,-2.238762264231557442e-01,2.248189542475858449e+00,3.775659758885667738e-01
1.296058191474751098e+00,1.585208390165070647e+00,-1.595443795428444611e+00,-2.238762264231557442e-01,2.248189542475858449e+00,3.775659758885667738e-01,4.944203292322398857e-01
1.585208390165070647e+00,-1.595443795428444611e+00,-1.306293596738125062e+00,2.248189542475858449e+00,3.775659758885667738e-01,4.944203292322398857e-01,2.027358662483529361e+00
-1.595443795428444611e+00,-1.306293596738125062e+00,-1.017143398047805514e+00,3.775659758885667738e-01,4.944203292322398857e-01,2.027358662483529361e+00,-1.642566583906693300e-01
-1.306293596738125062e+00,-1.017143398047805514e+00,-7.279931993574858540e-01,4.944203292322398857e-01,2.027358662483529361e+00,-1.642566583906693300e-01,-4.327831928089879154e-01
-1.017143398047805514e+00,-7.279931993574858540e-01,-4.388430006671663053e-01,2.027358662483529361e+00,-1.642566583906693300e-01,-4.327831928089879154e-01,-6.555218989783569983e-01
-7.279931993574858540e-01,-4.388430006671663053e-01,-1.496928019768467288e-01,-1.642566583906693300e-01,-4.327831928089879154e-01,-6.555218989783569983e-01,-6.145036361720064289e-01
-4.388430006671663053e-01,-1.496928019768467288e-01,1.394573967134728198e-01,-4.327831928089879154e-01,-6.555218989783569983e-01,-6.145036361720064289e-01,2.602346660006334966e-01
-1.496928019768467288e-01,1.394573967134728198e-01,4.286075954037923963e-01,-6.555218989783569983e-01,-6.145036361720064289e-01,2.602346660006334966e-01,-4.165666703041516761e-01
1.394573967134728198e-01,4.286075954037923963e-01,7.177577940941118895e-01,-6.145036361720064289e-01,2.602346660006334966e-01,-4.165666703041516761e-01,3.224943784440567618e-02
4.286075954037923963e-01,7.177577940941118895e-01,1.006907992784431549e+00,2.602346660006334966e-01,-4.165666703041516761e-01,3.224943784440567618e-02,3.775659758885667738e-01
7.177577940941118895e-01,1.006907992784431549e+00,1.296058191474751098e+00,-4.165666703041516761e-01,3.224943784440567618e-02,3.775659758885667738e-01,3.184233644003402475e-01
1.006907992784431549e+00,1.296058191474751098e+00,1.585208390165070647e+00,3.224943784440567618e-02,3.775659758885667738e-01,3.184233644003402475e-01,1.510116173651184501e-01
1.296058191474751098e+00,1.585208390165070647e+00,-1.595443795428444611e+00,3.775659758885667738e-01,3.184233644003402475e-01,1.510116173651184501e-01,1.645793427075616489e+00
1.585208390165070647e+00,-1.595443795428444611e+00,-1.306293596738125062e+00,3.184233644003402475e-01,1.510116173651184501e-01,1.645793427075616489e+00,1.099201227353781674e+00
-1.595443795428444611e+00,-1.306293596738125062e+00,-1.017143398047805514e+00,1.510116173651184501e-01,1.645793427075616489e+00,1.099201227353781674e+00,-2.620327499639469870e-01
-1.306293596738125062e+00,-1.017143398047805514e+00,-7.279931993574858540e-01,1.645793427075616489e+00,1.099201227353781674e+00,-2.620327499639469870e-01,6.465694668511450249e-01
-1.017143398047805514e+00,-7.279931993574858540e-01,-4.388430006671663053e-01,1.099201227353781674e+00,-2.620327499639469870e-01,6.465694668511450249e-01,-1.981205730331216663e-01
-7.279931993574858540e-01,-4.388430006671663053e-01,-1.496928019768467288e-01,-2.620327499639469870e-01,6.465694668511450249e-01,-1.981205730331216663e-01,-4.284905839106489256e-01
-4.388430006671663053e-01,-1.496928019768467288e-01,1.394573967134728198e-01,6.465694668511450249e-01,-1.981205730331216663e-01,-4.284905839106489256e-01,-5.217187048959503332e-02
-1.496928019768467288e-01,1.394573967134728198e-01,4.286075954037923963e-01,-1.981205730331216663e-01,-4.284905839106489256e-01,-5.217187048959503332e-02,-1.019969459472459816e-02
1.394573967134728198e-01,4.286075954037923963e-01,7.177577940941118895e-01,-4.284905839106489256e-01,-5.217187048959503332e-02,-1.019969459472459816e-02,3.060224942495829437e-01
4.286075954037923963e-01,7.177577940941118895e-01,1.006907992784431549e+00,-5.217187048959503332e-02,-1.019969459472459816e-02,3.060224942495829437e-01,1.632915600380599352e+00
7.177577940941118895e-01,1.006907992784431549e+00,1.296058191474751098e+00,-1.019969459472459816e-02,3.060224942495829437e-01,1.632915600380599352e+00,1.811297347933798818e+00
1.006907992784431549e+00,1.296058191474751098e+00,1.585208390165070647e+00,3.060224942495829437e-01,1.632915600380599352e+00,1.811297347933798818e+00,2.638339995680449857e+00
1.296058191474751098e+00,1.585208390165070647e+00,-1.595443795428444611e+00,1.632915600380599352e+00,1.811297347933798818e+00,2.638339995680449857e+00,1.507952985784508204e+00
1.585208390165070647e+00,-1.595443795428444611e+00,-1.306293596738125062e+00,1.811297347933798818e+00,2.638339995680449857e+00,1.507952985784508204e+00,1.946753006503607830e+00
-1.595443795428444611e+00,-1.306293596738125062e+00,-1.017143398047805514e+00,2.638339995680449857e+00,1.507952985784508204e+00,1.946753006503607830e+00,6.351225097889076077e-01
-1.306293596738125062e+00,-1.017143398047805514e+00,-7.279931993574858540e-01,1.507952985784508204e+00,1.946753006503607830e+00,6.351225097889076077e-01,1.247790074308244845e-01
-1.017143398047805514e+00,-7.279931993574858540e-01,-4.388430006671663053e-01,1.946753006503607830e+00,6.351225097889076077e-01,1.247790074308244845e-01,-4.332601493532478032e-01
-7.279931993574858540e-01,-4.388430006671663053e-01,-1.496928019768467288e-01,6.351225097889076077e-01,1.247790074308244845e-01,-4.332601493532478032e-01,-6.669688560405943045e-01
-4.388430006671663053e-01,-1.496928019768467288e-01,1.394573967134728198e-01,1.247790074308244845e-01,-4.332601493532478032e-01,-6.669688560405943045e-01,-6.526601597127975607e-01
-1.496928019768467288e-01,1.394573967134728198e-01,4.286075954037923963e-01,-4.332601493532478032e-01,-6.669688560405943045e-01,-6.526601597127975607e-01,-4.427992802384456139e-01
1.394573967134728198e-01,4.286075954037923963e-01,7.177577940941118895e-01,-6.669688560405943045e-01,-6.526601597127975607e-01,-4.427992802384456139e-01,-6.383514633850008169e-01
4.286075954037923963e-01,7.177577940941118895e-01,1.006907992784431549e+00,-6.526601597127975607e-01,-4.427992802384456139e-01,-6.383514633850008169e-01,8.662248389003317228e-02
7.177577940941118895e-01,1.006907992784431549e+00,1.296058191474751098e+00,-4.427992802384456139e-01,-6.383514633850008169e-01,8.662248389003317228e-02,6.351225097889076077e-01
1.006907992784431549e+00,1.296058191474751098e+00,1.585208390165070647e+00,-6.383514633850008169e-01,8.662248389003317228e-02,6.351225097889076077e-01,3.107920596921819878e-01
1.296058191474751098e+00,1.585208390165070647e+00,-1.595443795428444611e+00,8.662248389003317228e-02,6.351225097889076077e-01,3.107920596921819878e-01,1.622422556406881711e+00
1.585208390165070647e+00,-1.595443795428444611e+00,-1.306293596738125062e+00,6.351225097889076077e-01,3.107920596921819878e-01,1.622422556406881711e+00,5.111138082813361239e-01
-1.595443795428444611e+00,-1.306293596738125062e+00,-1.017143398047805514e+00,3.107920596921819878e-01,1.622422556406881711e+00,5.111138082813361239e-01,1.307631237195354013e+00
-1.306293596738125062e+00,-1.017143398047805514e+00,-7.279931993574858540e-01,1.622422556406881711e+00,5.111138082813361239e-01,1.307631237195354013e+00,-4.904949346644347785e-01
-1.017143398047805514e+00,-7.279931993574858540e-01,-4.388430006671663053e-01,5.111138082813361239e-01,1.307631237195354013e+00,-4.904949346644347785e-01,-4.475688456810445470e-01
-7.279931993574858540e-01,-4.388430006671663053e-01,-1.496928019768467288e-01,1.307631237195354013e+00,-4.904949346644347785e-01,-4.475688456810445470e-01,1.438572692012201337e-01
-4.388430006671663053e-01,-1.496928019768467288e-01,1.394573967134728198e-01,-4.904949346644347785e-01,-4.475688456810445470e-01,1.438572692012201337e-01,-6.240427670572040730e-01
-1.496928019768467288e-01,1.394573967134728198e-01,4.286075954037923963e-01,-4.475688456810445470e-01,1.438572692012201337e-01,-6.240427670572040730e-01,-4.475688456810445470e-01
1.394573967134728198e-01,4.286075954037923963e-01,7.177577940941118895e-01,1.438572692012201337e-01,-6.240427670572040730e-01,-4.475688456810445470e-01,-5.191123273200282107e-01
4.286075954037923963e-01,7.177577940941118895e-01,1.006907992784431549e+00,-6.240427670572040730e-01,-4.475688456810445470e-01,-5.191123273200282107e-01,8.259051274928641551e-01
7.177577940941118895e-01,1.006907992784431549e+00,1.296058191474751098e+00,-4.475688456810445470e-01,-5.191123273200282107e-01,8.259051274928641551e-01,3.489485832329732862e-01
1.006907992784431549e+00,1.296058191474751098e+00,1.585208390165070647e+00,-5.191123273200282107e-01,8.259051274928641551e-01,3.489485832329732862e-01,1.627192121849480921e+00
1.296058191474751098e+00,1.585208390165070647e+00,-1.595443795428444611e+00,8.259051274928641551e-01,3.489485832329732862e-01,1.627192121849480921e+00,1.307631237195354013e+00
1.585208390165070647e+00,-1.595443795428444611e+00,-1.306293596738125062e+00,3.489485832329732862e-01,1.627192121849480921e+00,1.307631237195354013e+00,1.708274734373662396e+00
-1.595443795428444611e+00,-1.306293596738125062e+00,-1.017143398047805514e+00,1.627192121849480921e+00,1.307631237195354013e+00,1.708274734373662396e+00,7.352833840834849255e-01
-1.306293596738125062e+00,-1.017143398047805514e+00,-7.279931993574858540e-01,1.307631237195354013e+00,1.708274734373662396e+00,7.352833840834849255e-01,1.724746618568136214e-01
-1.017143398047805514e+00,-7.279931993574858540e-01,-4.388430006671663053e-01,1.708274734373662396e+00,7.352833840834849255e-01,1.724746618568136214e-01,-5.381905890904238321e-01
-7.279931993574858540e-01,-4.388430006671663053e-01,-1.496928019768467288e-01,7.352833840834849255e-01,1.724746618568136214e-01,-5.381905890904238321e-01,-6.574297251553965493e-01
-4.388430006671663053e-01,-1.496928019768467288e-01,1.394573967134728198e-01,1.724746618568136214e-01,-5.381905890904238321e-01,-6.574297251553965493e-01,-6.574297251553965493e-01
-1.496928019768467288e-01,1.394573967134728198e-01,4.286075954037923963e-01,-5.381905890904238321e-01,-6.574297251553965493e-01,-6.574297251553965493e-01,4.846596034924197799e-02
1.394573967134728198e-01,4.286075954037923963e-01,7.177577940941118895e-01,-6.574297251553965493e-01,-6.574297251553965493e-01,4.846596034924197799e-02,8.185291844743437795e-02
4.286075954037923963e-01,7.177577940941118895e-01,1.006907992784431549e+00,-6.574297251553965493e-01,4.846596034924197799e-02,8.185291844743437795e-02,3.823355413311655959e-01
7.177577940941118895e-01,1.006907992784431549e+00,1.296058191474751098e+00,4.846596034924197799e-02,8.185291844743437795e-02,3.823355413311655959e-01,6.732790333296989616e-01
-1.595443795428444611e+00,-1.306293596738125062e+00,-1.017143398047805514e+00,2.072924895877856222e-01,-2.682331850393255834e-01,-6.068723314638481137e-01,-5.076653702577909044e-01
-1.306293596738125062e+00,-1.017143398047805514e+00,-7.279931993574858540e-01,-2.682331850393255834e-01,-6.068723314638481137e-01,-5.076653702577909044e-01,-4.046427566976543710e-01
-1.017143398047805514e+00,-7.279931993574858540e-01,-4.388430006671663053e-01,-6.068723314638481137e-01,-5.076653702577909044e-01,-4.046427566976543710e-01,-6.817545089126509916e-01
-7.279931993574858540e-01,-4.388430006671663053e-01,-1.496928019768467288e-01,-5.076653702577909044e-01,-4.046427566976543710e-01,-6.817545089126509916e-01,-6.760310303815323385e-01
-4.388430006671663053e-01,-1.496928019768467288e-01,1.394573967134728198e-01,-4.046427566976543710e-01,-6.817545089126509916e-01,-6.760310303815323385e-01,-6.788927696470916651e-01
-1.496928019768467288e-01,1.394573967134728198e-01,4.286075954037923963e-01,-6.817545089126509916e-01,-6.760310303815323385e-01,-6.788927696470916651e-01,-6.650610298635547535e-01
1.394573967134728198e-01,4.286075954037923963e-01,7.177577940941118895e-01,-6.760310303815323385e-01,-6.788927696470916651e-01,-6.650610298635547535e-01,-6.645840733192949212e-01
4.286075954037923963e-01,7.177577940941118895e-01,1.006907992784431549e+00,-6.788927696470916651e-01,-6.650610298635547535e-01,-6.645840733192949212e-01,-6.426440722833399732e-01
7.177577940941118895e-01,1.006907992784431549e+00,1.296058191474751098e+00,-6.650610298635547535e-01,-6.645840733192949212e-01,-6.426440722833399732e-01,-5.553610246837799025e-01
1.006907992784431549e+00,1.296058191474751098e+00,1.585208390165070647e+00,-6.645840733192949212e-01,-6.426440722833399732e-01,-5.553610246837799025e-01,-6.235658105129442408e-01
1.296058191474751098e+00,1.585208390165070647e+00,-1.595443795428444611e+00,-6.426440722833399732e-01,-5.553610246837799025e-01,-6.235658105129442408e-01,-5.057575440807512424e-01
1.585208390165070647e+00,-1.595443795428444611e+00,-1.306293596738125062e+00,-5.553610246837799025e-01,-6.235658105129442408e-01,-5.057575440807512424e-01,-6.230888539686844085e-01
-1.595443795428444611e+00,-1.306293596738125062e+00,-1.017143398047805514e+00,-6.235658105129442408e-01,-5.057575440807512424e-01,-6.230888539686844085e-01,-6.812775523683910484e-01
-1.306293596738125062e+00,-1.017143398047805514e+00,-7.279931993574858540e-01,-5.057575440807512424e-01,-6.230888539686844085e-01,-6.812775523683910484e-01,-4.952645001070337116e-01
-1.017143398047805514e+00,-7.279931993574858540e-01,-4.388430006671663053e-01,-6.230888539686844085e-01,-6.812775523683910484e-01,-4.952645001070337116e-01,-6.707845083946735176e-01
-7.279931993574858540e-01,-4.388430006671663053e-01,-1.496928019768467288e-01,-6.812775523683910484e-01,-4.952645001070337116e-01,-6.707845083946735176e-01,-6.808005958241312161e-01
-4.388430006671663053e-01,-1.496928019768467288e-01,1.394573967134728198e-01,-4.952645001070337116e-01,-6.707845083946735176e-01,-6.808005958241312161e-01,-6.855701612667302047e-01
-1.496928019768467288e-01,1.394573967134728198e-01,4.286075954037923963e-01,-6.707845083946735176e-01,-6.808005958241312161e-01,-6.855701612667302047e-01,-6.474136377259388508e-01
1.394573967134728198e-01,4.286075954037923963e-01,7.177577940941118895e-01,-6.808005958241312161e-01,-6.855701612667302047e-01,-6.474136377259388508e-01,-6.793697261913514973e-01
4.286075954037923963e-01,7.177577940941118895e-01,1.006907992784431549e+00,-6.855701612667302047e-01,-6.474136377259388508e-01,-6.793697261913514973e-01,-2.071827473740595615e-01
7.177577940941118895e-01,1.006907992784431549e+00,1.296058191474751098e+00,-6.474136377259388508e-01,-6.793697261913514973e-01,-2.071827473740595615e-01,-3.340531881471905384e-01
1.006907992784431549e+00,1.296058191474751098e+00,1.585208390165070647e+00,-6.793697261913514973e-01,-2.071827473740595615e-01,-3.340531881471905384e-01,-3.359610143242300895e-01
1.296058191474751098e+00,1.585208390165070647e+00,-1.595443795428444611e+00,-2.071827473740595615e-01,-3.340531881471905384e-01,-3.359610143242300895e-01,-3.664862331568630727e-01
1.585208390165070647e+00,-1.595443795428444611e+00,-1.306293596738125062e+00,-3.340531881471905384e-01,-3.359610143242300895e-01,-3.664862331568630727e-01,-4.633084116416209541e-01
-1.595443795428444611e+00,-1.306293596738125062e+00,-1.017143398047805514e+00,-3.359610143242300895e-01,-3.664862331568630727e-01,-4.633084116416209541e-01,-3.669631897011229604e-01
-1.306293596738125062e+00,-1.017143398047805514e+00,-7.279931993574858540e-01,-3.664862331568630727e-01,-4.633084116416209541e-01,-3.669631897011229604e-01,-6.798466827356114406e-01
-1.017143398047805514e+00,-7.279931993574858540e-01,-4.388430006671663053e-01,-4.633084116416209541e-01,-3.669631897011229604e-01,-6.798466827356114406e-01,-6.664918994963344723e-01
-7.279931993574858540e-01,-4.388430006671663053e-01,-1.496928019768467288e-01,-3.669631897011229604e-01,-6.798466827356114406e-01,-6.664918994963344723e-01,-6.459827680931591321e-01
-4.388430006671663053e-01,-1.496928019768467288e-01,1.394573967134728198e-01,-6.798466827356114406e-01,-6.664918994963344723e-01,-6.459827680931591321e-01,-6.440749419161195810e-01
-1.496928019768467288e-01,1.394573967134728198e-01,4.286075954037923963e-01,-6.664918994963344723e-01,-6.459827680931591321e-01,-6.440749419161195810e-01,-6.688766822176338556e-01
1.394573967134728198e-01,4.286075954037923963e-01,7.177577940941118895e-01,-6.459827680931591321e-01,-6.440749419161195810e-01,-6.688766822176338556e-01,-6.746001607487526197e-01
4.286075954037923963e-01,7.177577940941118895e-01,1.006907992784431549e+00,-6.440749419161195810e-01,-6.688766822176338556e-01,-6.746001607487526197e-01,-5.186353707757682674e-01
7.177577940941118895e-01,1.006907992784431549e+00,1.296058191474751098e+00,-6.688766822176338556e-01,-6.746001607487526197e-01,-5.186353707757682674e-01,-5.081423268020507367e-01
1.006907992784431549e+00,1.296058191474751098e+00,1.585208390165070647e+00,-6.746001607487526197e-01,-5.186353707757682674e-01,-5.081423268020507367e-01,-4.089353655959934164e-01
1.296058191474751098e+00,1.585208390165070647e+00,-1.595443795428444611e+00,-5.186353707757682674e-01,-5.081423268020507367e-01,-4.089353655959934164e-01,-2.386618792952123758e-01
1.585208390165070647e+00,-1.595443795428444611e+00,-1.306293596738125062e+00,-5.081423268020507367e-01,-4.089353655959934164e-01,-2.386618792952123758e-01,4.417335145090290488e-02
-1.595443795428444611e+00,-1.306293596738125062e+00,-1.017143398047805514e+00,-4.089353655959934164e-01,-2.386618792952123758e-01,4.417335145090290488e-02,-2.687101415835854712e-01
-1.306293596738125062e+00,-1.017143398047805514e+00,-7.279931993574858540e-01,-2.386618792952123758e-01,4.417335145090290488e-02,-2.687101415835854712e-01,-3.750714509535411079e-01
-1.017143398047805514e+00,-7.279931993574858540e-01,-4.388430006671663053e-01,4.417335145090290488e-02,-2.687101415835854712e-01,-3.750714509535411079e-01,-5.691927644673168141e-01
-7.279931993574858540e-01,-4.388430006671663053e-01,-1.496928019768467288e-01,-2.687101415835854712e-01,-3.750714509535411079e-01,-5.691927644673168141e-01,-5.043266744479715236e-01
-4.388430006671663053e-01,-1.496928019768467288e-01,1.394573967134728198e-01,-3.750714509535411079e-01,-5.691927644673168141e-01,-5.043266744479715236e-01,-6.426440722833399732e-01
-1.496928019768467288e-01,1.394573967134728198e-01,4.286075954037923963e-01,-5.691927644673168141e-01,-5.043266744479715236e-01,-6.426440722833399732e-01,-6.278584194112832861e-01
1.394573967134728198e-01,4.286075954037923963e-01,7.177577940941118895e-01,-5.043266744479715236e-01,-6.426440722833399732e-01,-6.278584194112832861e-01,-4.089353655959934164e-01
4.286075954037923963e-01,7.177577940941118895e-01,1.006907992784431549e+00,-6.426440722833399732e-01,-6.278584194112832861e-01,-4.089353655959934164e-01,-5.448679807100622607e-01
7.177577940941118895e-01,1.006907992784431549e+00,1.296058191474751098e+00,-6.278584194112832861e-01,-4.089353655959934164e-01,-5.448679807100622607e-01,3.217620602101595173e-01
1.006907992784431549e+00,1.296058191474751098e+00,1.585208390165070647e+00,-4.089353655959934164e-01,-5.448679807100622607e-01,3.217620602101595173e-01,7.305138186408859369e-01
1.296058191474751098e+00,1.585208390165070647e+00,-1.595443795428444611e+00,-5.448679807100622607e-01,3.217620602101595173e-01,7.305138186408859369e-01,6.255833789037098525e-01
1.585208390165070647e+00,-1.595443795428444611e+00,-1.306293596738125062e+00,3.217620602101595173e-01,7.305138186408859369e-01,6.255833789037098525e-01,6.542007715593033401e-01
-1.595443795428444611e+00,-1.306293596738125062e+00,-1.017143398047805514e+00,7.305138186408859369e-01,6.255833789037098525e-01,6.542007715593033401e-01,3.892682946404415339e-02
-1.306293596738125062e+00,-1.017143398047805514e+00,-7.279931993574858540e-01,6.255833789037098525e-01,6.542007715593033401e-01,3.892682946404415339e-02,5.800509123443980258e-02
-1.017143398047805514e+00,-7.279931993574858540e-01,-4.388430006671663053e-01,6.542007715593033401e-01,3.892682946404415339e-02,5.800509123443980258e-02,-2.901731860752805869e-01
-7.279931993574858540e-01,-4.388430006671663053e-01,-1.496928019768467288e-01,3.892682946404415339e-02,5.800509123443980258e-02,-2.901731860752805869e-01,-6.574297251553965493e-01
-4.388430006671663053e-01,-1.496928019768467288e-01,1.394573967134728198e-01,5.800509123443980258e-02,-2.901731860752805869e-01,-6.574297251553965493e-01,-6.574297251553965493e-01
-1.496928019768467288e-01,1.394573967134728198e-01,4.286075954037923963e-01,-2.901731860752805869e-01,-6.574297251553965493e-01,-6.574297251553965493e-01,-6.097340707294074402e-01
1.394573967134728198e-01,4.286075954037923963e-01,7.177577940941118895e-01,-6.574297251553965493e-01,-6.574297251553965493e-01,-6.097340707294074402e-01,-5.429601545330227097e-01
4.286075954037923963e-01,7.177577940941118895e-01,1.006907992784431549e+00,-6.574297251553965493e-01,-6.097340707294074402e-01,-5.429601545330227097e-01,-2.472470970918903554e-01
7.177577940941118895e-01,1.006907992784431549e+00,1.296058191474751098e+00,-6.097340707294074402e-01,-5.429601545330227097e-01,-2.472470970918903554e-01,-1.470862227973133429e-01
1.006907992784431549e+00,1.296058191474751098e+00,1.585208390165070647e+00,-5.429601545330227097e-01,-2.472470970918903554e-01,-1.470862227973133429e-01,-2.710949243048849100e-01
1.296058191474751098e+00,1.585208390165070647e+00,-1.595443795428444611e+00,-2.472470970918903554e-01,-1.470862227973133429e-01,-2.710949243048849100e-01,2.118457362437168090e+00
1.585208390165070647e+00,-1.595443795428444611e+00,-1.306293596738125062e+00,-1.470862227973133429e-01,-2.710949243048849100e-01,2.118457362437168090e+00,7.686703421816771797e-01
-1.595443795428444611e+00,-1.306293596738125062e+00,-1.017143398047805514e+00,-2.710949243048849100e-01,2.118457362437168090e+00,7.686703421816771797e-01,-3.092514478456762084e-01
-1.306293596738125062e+00,-1.017143398047805514e+00,-7.279931993574858540e-01,2.118457362437168090e+00,7.686703421816771797e-01,-3.092514478456762084e-01,-6.383514633850008169e-01
-1.017143398047805514e+00,-7.279931993574858540e-01,-4.388430006671663053e-01,7.686703421816771797e-01,-3.092514478456762084e-01,-6.383514633850008169e-01,-6.717384214831932931e-01
-7.279931993574858540e-01,-4.388430006671663053e-01,-1.496928019768467288e-01,-3.092514478456762084e-01,-6.383514633850008169e-01,-6.717384214831932931e-01,-6.669688560405943045e-01
-4.388430006671663053e-01,-1.496928019768467288e-01,1.394573967134728198e-01,-6.383514633850008169e-01,-6.717384214831932931e-01,-6.669688560405943045e-01,-6.001949398442096850e-01
-1.496928019768467288e-01,1.394573967134728198e-01,4.286075954037923963e-01,-6.717384214831932931e-01,-6.669688560405943045e-01,-6.001949398442096850e-01,-6.240427670572040730e-01
1.394573967134728198e-01,4.286075954037923963e-01,7.177577940941118895e-01,-6.669688560405943045e-01,-6.001949398442096850e-01,-6.240427670572040730e-01,-5.954253744016108074e-01
4.286075954037923963e-01,7.177577940941118895e-01,1.006907992784431549e+00,-6.001949398442096850e-01,-6.240427670572040730e-01,-5.954253744016108074e-01,-6.574297251553965493e-01
7.177577940941118895e-01,1.006907992784431549e+00,1.296058191474751098e+00,-6.240427670572040730e-01,-5.954253744016108074e-01,-6.574297251553965493e-01,9.139204933263209152e-02
1.006907992784431549e+00,1.296058191474751098e+00,1.585208390165070647e+00,-5.954253744016108074e-01,-6.574297251553965493e-01,9.139204933263209152e-02,5.826572899203197320e-01
1.296058191474751098e+00,1.585208390165070647e+00,-1.595443795428444611e+00,-6.574297251553965493e-01,9.139204933263209152e-02,5.826572899203197320e-01,2.583268398235939456e-01
1.585208390165070647e+00,-1.595443795428444611e+00,-1.306293596738125062e+00,9.139204933263209152e-02,5.826572899203197320e-01,2.583268398235939456e-01,1.617652990964282944e+00
-1.595443795428444611e+00,-1.306293596738125062e+00,-1.017143398047805514e+00,5.826572899203197320e-01,2.583268398235939456e-01,1.617652990964282944e+00,6.542007715593033401e-01
-1.306293596738125062e+00,-1.017143398047805514e+00,-7.279931993574858540e-01,2.583268398235939456e-01,1.617652990964282944e+00,6.542007715593033401e-01,1.057007456604288353e-01
-1.017143398047805514e+00,-7.279931993574858540e-01,-4.388430006671663053e-01,1.617652990964282944e+00,6.542007715593033401e-01,1.057007456604288353e-01,-6.431210288275998055e-01
-7.279931993574858540e-01,-4.388430006671663053e-01,-1.496928019768467288e-01,6.542007715593033401e-01,1.057007456604288353e-01,-6.431210288275998055e-01,-6.574297251553965493e-01
-4.388430006671663053e-01,-1.496928019768467288e-01,1.394573967134728198e-01,1.057007456604288353e-01,-6.431210288275998055e-01,-6.574297251553965493e-01,-6.621992905979954269e-01
-1.496928019768467288e-01,1.394573967134728198e-01,4.286075954037923963e-01,-6.431210288275998055e-01,-6.574297251553965493e-01,-6.621992905979954269e-01,-5.715775471886161974e-01
1.394573967134728198e-01,4.286075954037923963e-01,7.177577940941118895e-01,-6.574297251553965493e-01,-6.621992905979954269e-01,-5.715775471886161974e-01,-4.904949346644347785e-01
4.286075954037923963e-01,7.177577940941118895e-01,1.006907992784431549e+00,-6.621992905979954269e-01,-5.715775471886161974e-01,-4.904949346644347785e-01,-4.714166728940391016e-01
7.177577940941118895e-01,1.006907992784431549e+00,1.296058191474751098e+00,-5.715775471886161974e-01,-4.904949346644347785e-01,-4.714166728940391016e-01,4.369639490664306569e-02
-1.595443795428444611e+00,-1.306293596738125062e+00,-1.017143398047805514e+00,-1.842888332495847548e-01,-3.717327551437218935e-01,-5.768240691754750182e-01,-6.464597246374190753e-01
-1.306293596738125062e+00,-1.017143398047805514e+00,-7.279931993574858540e-01,-3.717327551437218935e-01,-5.768240691754750182e-01,-6.464597246374190753e-01,-6.784158131028317218e-01
-1.017143398047805514e+00,-7.279931993574858540e-01,-4.388430006671663053e-01,-5.768240691754750182e-01,-6.464597246374190753e-01,-6.784158131028317218e-01,-6.817545089126509916e-01
-7.279931993574858540e-01,-4.388430006671663053e-01,-1.496928019768467288e-01,-6.464597246374190753e-01,-6.784158131028317218e-01,-6.817545089126509916e-01,-6.746001607487526197e-01
-4.388430006671663053e-01,-1.496928019768467288e-01,1.394573967134728198e-01,-6.784158131028317218e-01,-6.817545089126509916e-01,-6.746001607487526197e-01,-6.068723314638481137e-01
-1.496928019768467288e-01,1.394573967134728198e-01,4.286075954037923963e-01,-6.817545089126509916e-01,-6.746001607487526197e-01,-6.068723314638481137e-01,-6.512292900800179529e-01
1.394573967134728198e-01,4.286075954037923963e-01,7.177577940941118895e-01,-6.746001607487526197e-01,-6.068723314638481137e-01,-6.512292900800179529e-01,-6.431210288275998055e-01
4.286075954037923963e-01,7.177577940941118895e-01,1.006907992784431549e+00,-6.068723314638481137e-01,-6.512292900800179529e-01,-6.431210288275998055e-01,-6.536140728013173362e-01
7.177577940941118895e-01,1.006907992784431549e+00,1.296058191474751098e+00,-6.512292900800179529e-01,-6.431210288275998055e-01,-6.536140728013173362e-01,-6.822314654569108239e-01
1.006907992784431549e+00,1.296058191474751098e+00,1.585208390165070647e+00,-6.431210288275998055e-01,-6.536140728013173362e-01,-6.822314654569108239e-01,-6.273814628670234539e-01
1.296058191474751098e+00,1.585208390165070647e+00,-1.595443795428444611e+00,-6.536140728013173362e-01,-6.822314654569108239e-01,-6.273814628670234539e-01,-6.493214639029784019e-01
1.585208390165070647e+00,-1.595443795428444611e+00,-1.306293596738125062e+00,-6.822314654569108239e-01,-6.273814628670234539e-01,-6.493214639029784019e-01,-6.016258094769892928e-01
-1.595443795428444611e+00,-1.306293596738125062e+00,-1.017143398047805514e+00,-6.273814628670234539e-01,-6.493214639029784019e-01,-6.016258094769892928e-01,-6.612453775094756514e-01
-1.306293596738125062e+00,-1.017143398047805514e+00,-7.279931993574858540e-01,-6.493214639029784019e-01,-6.016258094769892928e-01,-6.612453775094756514e-01,-6.335818979424019393e-01
-1.017143398047805514e+00,-7.279931993574858540e-01,-4.388430006671663053e-01,-6.016258094769892928e-01,-6.612453775094756514e-01,-6.335818979424019393e-01,-6.726923345717130687e-01
-7.279931993574858540e-01,-4.388430006671663053e-01,-1.496928019768467288e-01,-6.612453775094756514e-01,-6.335818979424019393e-01,-6.726923345717130687e-01,-6.517062466242777852e-01
-4.388430006671663053e-01,-1.496928019768467288e-01,1.394573967134728198e-01,-6.335818979424019393e-01,-6.726923345717130687e-01,-6.517062466242777852e-01,-6.860471178109900370e-01
-1.496928019768467288e-01,1.394573967134728198e-01,4.286075954037923963e-01,-6.726923345717130687e-01,-6.517062466242777852e-01,-6.860471178109900370e-01,-6.679227691291140800e-01
1.394573967134728198e-01,4.286075954037923963e-01,7.177577940941118895e-01,-6.517062466242777852e-01,-6.860471178109900370e-01,-6.679227691291140800e-01,-6.784158131028317218e-01
4.286075954037923963e-01,7.177577940941118895e-01,1.006907992784431549e+00,-6.860471178109900370e-01,-6.679227691291140800e-01,-6.784158131028317218e-01,-4.461379760482648837e-01
7.177577940941118895e-01,1.006907992784431549e+00,1.296058191474751098e+00,-6.679227691291140800e-01,-6.784158131028317218e-01,-4.461379760482648837e-01,-6.550449424340971660e-01
1.006907992784431549e+00,1.296058191474751098e+00,1.585208390165070647e+00,-6.784158131028317218e-01,-4.461379760482648837e-01,-6.550449424340971660e-01,-5.582227639493392291e-01
1.296058191474751098e+00,1.585208390165070647e+00,-1.595443795428444611e+00,-4.461379760482648837e-01,-6.550449424340971660e-01,-5.582227639493392291e-01,-6.431210288275998055e-01
1.585208390165070647e+00,-1.595443795428444611e+00,-1.306293596738125062e+00,-6.550449424340971660e-01,-5.582227639493392291e-01,-6.431210288275998055e-01,-4.571079765662423577e-01
-1.595443795428444611e+00,-1.306293596738125062e+00,-1.017143398047805514e+00,-5.582227639493392291e-01,-6.431210288275998055e-01,-4.571079765662423577e-01,-4.628314550973610664e-01
-1.306293596738125062e+00,-1.017143398047805514e+00,-7.279931993574858540e-01,-6.431210288275998055e-01,-4.571079765662423577e-01,-4.628314550973610664e-01,-6.760310303815323385e-01
-1.017143398047805514e+00,-7.279931993574858540e-01,-4.388430006671663053e-01,-4.571079765662423577e-01,-4.628314550973610664e-01,-6.760310303815323385e-01,-6.731692911159730119e-01
-7.279931993574858540e-01,-4.388430006671663053e-01,-1.496928019768467288e-01,-4.628314550973610664e-01,-6.760310303815323385e-01,-6.731692911159730119e-01,-6.383514633850008169e-01
-4.388430006671663053e-01,-1.496928019768467288e-01,1.394573967134728198e-01,-6.760310303815323385e-01,-6.731692911159730119e-01,-6.383514633850008169e-01,-6.450288550046393565e-01
-1.496928019768467288e-01,1.394573967134728198e-01,4.286075954037923963e-01,-6.731692911159730119e-01,-6.383514633850008169e-01,-6.450288550046393565e-01,-5.873171131491925490e-01
1.394573967134728198e-01,4.286075954037923963e-01,7.177577940941118895e-01,-6.383514633850008169e-01,-6.450288550046393565e-01,-5.873171131491925490e-01,-6.793697261913514973e-01
4.286075954037923963e-01,7.177577940941118895e-01,1.006907992784431549e+00,-6.450288550046393565e-01,-5.873171131491925490e-01,-6.793697261913514973e-01,-6.726923345717130687e-01
7.177577940941118895e-01,1.006907992784431549e+00,1.296058191474751098e+00,-5.873171131491925490e-01,-6.793697261913514973e-01,-6.726923345717130687e-01,-5.229279796741074238e-01
1.006907992784431549e+00,1.296058191474751098e+00,1.585208390165070647e+00,-6.793697261913514973e-01,-6.726923345717130687e-01,-5.229279796741074238e-01,-5.920866785917914266e-01
1.296058191474751098e+00,1.585208390165070647e+00,-1.595443795428444611e+00,-6.726923345717130687e-01,-5.229279796741074238e-01,-5.920866785917914266e-01,-3.903340603698576272e-01
1.585208390165070647e+00,-1.595443795428444611e+00,-1.306293596738125062e+00,-5.229279796741074238e-01,-5.920866785917914266e-01,-3.903340603698576272e-01,3.632045188812196759e-03
-1.595443795428444611e+00,-1.306293596738125062e+00,-1.017143398047805514e+00,-5.920866785917914266e-01,-3.903340603698576272e-01,3.632045188812196759e-03,-1.067665113898454143e-02
-1.306293596738125062e+00,-1.017143398047805514e+00,-7.279931993574858540e-01,-3.903340603698576272e-01,3.632045188812196759e-03,-1.067665113898454143e-02,-5.992410267556899095e-01
-1.017143398047805514e+00,-7.279931993574858540e-01,-4.388430006671663053e-01,3.632045188812196759e-03,-1.067665113898454143e-02,-5.992410267556899095e-01,-6.793697261913514973e-01
-7.279931993574858540e-01,-4.388430006671663053e-01,-1.496928019768467288e-01,-1.067665113898454143e-02,-5.992410267556899095e-01,-6.793697261913514973e-01,-6.726923345717130687e-01
-4.388430006671663053e-01,-1.496928019768467288e-01,1.394573967134728198e-01,-5.992410267556899095e-01,-6.793697261913514973e-01,-6.726923345717130687e-01,-6.536140728013173362e-01
-1.496928019768467288e-01,1.394573967134728198e-01,4.286075954037923963e-01,-6.793697261913514973e-01,-6.726923345717130687e-01,-6.536140728013173362e-01,-6.302432021325827805e-01
1.394573967134728198e-01,4.286075954037923963e-01,7.177577940941118895e-01,-6.726923345717130687e-01,-6.536140728013173362e-01,-6.302432021325827805e-01,-4.952645001070337116e-01
4.286075954037923963e-01,7.177577940941118895e-01,1.006907992784431549e+00,-6.536140728013173362e-01,-6.302432021325827805e-01,-4.952645001070337116e-01,-6.378745068407409846e-01
7.177577940941118895e-01,1.006907992784431549e+00,1.296058191474751098e+00,-6.302432021325827805e-01,-4.952645001070337116e-01,-6.378745068407409846e-01,-3.118578254215981574e-02
1.006907992784431549e+00,1.296058191474751098e+00,1.585208390165070647e+00,-4.952645001070337116e-01,-6.378745068407409846e-01,-3.118578254215981574e-02,-1.041601338139231392e-01
1.296058191474751098e+00,1.585208390165070647e+00,-1.595443795428444611e+00,-6.378745068407409846e-01,-3.118578254215981574e-02,-1.041601338139231392e-01,-2.138601389936980179e-01
1.585208390165070647e+00,-1.595443795428444611e+00,-1.306293596738125062e+00,-3.118578254215981574e-02,-1.041601338139231392e-01,-2.138601389936980179e-01,6.112746825759132197e-01
-1.595443795428444611e+00,-1.306293596738125062e+00,-1.017143398047805514e+00,-1.041601338139231392e-01,-2.138601389936980179e-01,6.112746825759132197e-01,-1.423166573547144376e-01
-1.306293596738125062e+00,-1.017143398047805514e+00,-7.279931993574858540e-01,-2.138601389936980179e-01,6.112746825759132197e-01,-1.423166573547144376e-01,-4.475688456810445470e-01
-1.017143398047805514e+00,-7.279931993574858540e-01,-4.388430006671663053e-01,6.112746825759132197e-01,-1.423166573547144376e-01,-4.475688456810445470e-01,-6.478905942701986831e-01
-7.279931993574858540e-01,-4.388430006671663053e-01,-1.496928019768467288e-01,-1.423166573547144376e-01,-4.475688456810445470e-01,-6.478905942701986831e-01,-6.669688560405943045e-01
-4.388430006671663053e-01,-1.496928019768467288e-01,1.394573967134728198e-01,-4.475688456810445470e-01,-6.478905942701986831e-01,-6.669688560405943045e-01,-6.717384214831932931e-01
-1.496928019768467288e-01,1.394573967134728198e-01,4.286075954037923963e-01,-6.478905942701986831e-01,-6.669688560405943045e-01,-6.717384214831932931e-01,-6.383514633850008169e-01
1.394573967134728198e-01,4.286075954037923963e-01,7.177577940941118895e-01,-6.669688560405943045e-01,-6.717384214831932931e-01,-6.383514633850008169e-01,-4.523384111236434801e-01
4.286075954037923963e-01,7.177577940941118895e-01,1.006907992784431549e+00,-6.717384214831932931e-01,-6.383514633850008169e-01,-4.523384111236434801e-01,-5.954253744016108074e-01
7.177577940941118895e-01,1.006907992784431549e+00,1.296058191474751098e+00,-6.383514633850008169e-01,-4.523384111236434801e-01,-5.954253744016108074e-01,1.507900225104958844e-02
1.006907992784431549e+00,1.296058191474751098e+00,1.585208390165070647e+00,-4.523384111236434801e-01,-5.954253744016108074e-01,1.507900225104958844e-02,-1.804731808955056249e-01
1.296058191474751098e+00,1.585208390165070647e+00,-1.595443795428444611e+00,-5.954253744016108074e-01,1.507900225104958844e-02,-1.804731808955056249e-01,2.037374749912986616e+00
1.585208390165070647e+00,-1.595443795428444611e+00,-1.306293596738125062e+00,1.507900225104958844e-02,-1.804731808955056249e-01,2.037374749912986616e+00,7.448225149686825697e-01
-1.595443795428444611e+00,-1.306293596738125062e+00,-1.017143398047805514e+00,-1.804731808955056249e-01,2.037374749912986616e+00,7.448225149686825697e-01,-5.668079817460173198e-01
-1.306293596738125062e+00,-1.017143398047805514e+00,-7.279931993574858540e-01,2.037374749912986616e+00,7.448225149686825697e-01,-5.668079817460173198e-01,-4.904949346644347785e-01
-1.017143398047805514e+00,-7.279931993574858540e-01,-4.388430006671663053e-01,7.448225149686825697e-01,-5.668079817460173198e-01,-4.904949346644347785e-01,-6.812775523683910484e-01
-7.279931993574858540e-01,-4.388430006671663053e-01,-1.496928019768467288e-01,-5.668079817460173198e-01,-4.904949346644347785e-01,-6.812775523683910484e-01,-6.669688560405943045e-01
-4.388430006671663053e-01,-1.496928019768467288e-01,1.394573967134728198e-01,-4.904949346644347785e-01,-6.812775523683910484e-01,-6.669688560405943045e-01,-5.906558089590118188e-01
-1.496928019768467288e-01,1.394573967134728198e-01,4.286075954037923963e-01,-6.812775523683910484e-01,-6.669688560405943045e-01,-5.906558089590118188e-01,-6.097340707294074402e-01
1.394573967134728198e-01,4.286075954037923963e-01,7.177577940941118895e-01,-6.669688560405943045e-01,-5.906558089590118188e-01,-6.097340707294074402e-01,-6.145036361720064289e-01
4.286075954037923963e-01,7.177577940941118895e-01,1.006907992784431549e+00,-5.906558089590118188e-01,-6.097340707294074402e-01,-6.145036361720064289e-01,-6.097340707294074402e-01
7.177577940941118895e-01,1.006907992784431549e+00,1.296058191474751098e+00,-6.097340707294074402e-01,-6.145036361720064289e-01,-6.097340707294074402e-01,7.231378756223653947e-02
1.006907992784431549e+00,1.296058191474751098e+00,1.585208390165070647e+00,-6.145036361720064289e-01,-6.097340707294074402e-01,7.231378756223653947e-02,9.403746981152378837e-01
1.296058191474751098e+00,1.585208390165070647e+00,-1.595443795428444611e+00,-6.097340707294074402e-01,7.231378756223653947e-02,9.403746981152378837e-01,5.731181590351218658e-01
1.585208390165070647e+00,-1.595443795428444611e+00,-1.306293596738125062e+00,7.231378756223653947e-02,9.403746981152378837e-01,5.731181590351218658e-01,2.487877089383961071e-01
-1.595443795428444611e+00,-1.306293596738125062e+00,-1.017143398047805514e+00,9.403746981152378837e-01,5.731181590351218658e-01,2.487877089383961071e-01,-3.807949294846598165e-01
-1.306293596738125062e+00,-1.017143398047805514e+00,-7.279931993574858540e-01,5.731181590351218658e-01,2.487877089383961071e-01,-3.807949294846598165e-01,-6.145036361720064289e-01
-1.017143398047805514e+00,-7.279931993574858540e-01,-4.388430006671663053e-01,2.487877089383961071e-01,-3.807949294846598165e-01,-6.145036361720064289e-01,-6.574297251553965493e-01
-7.279931993574858540e-01,-4.388430006671663053e-01,-1.496928019768467288e-01,-3.807949294846598165e-01,-6.145036361720064289e-01,-6.574297251553965493e-01,-6.717384214831932931e-01
-4.388430006671663053e-01,-1.496928019768467288e-01,1.394573967134728198e-01,-6.145036361720064289e-01,-6.574297251553965493e-01,-6.717384214831932931e-01,-6.765079869257921708e-01
-1.496928019768467288e-01,1.394573967134728198e-01,4.286075954037923963e-01,-6.574297251553965493e-01,-6.717384214831932931e-01,-6.765079869257921708e-01,-6.478905942701986831e-01
1.394573967134728198e-01,4.286075954037923963e-01,7.177577940941118895e-01,-6.717384214831932931e-01,-6.765079869257921708e-01,-6.478905942701986831e-01,-6.288123324998031727e-01
4.286075954037923963e-01,7.177577940941118895e-01,1.006907992784431549e+00,-6.765079869257921708e-01,-6.478905942701986831e-01,-6.288123324998031727e-01,-4.666471074514402240e-01
7.177577940941118895e-01,1.006907992784431549e+00,1.296058191474751098e+00,-6.478905942701986831e-01,-6.288123324998031727e-01,-4.666471074514402240e-01,-3.807949294846598165e-01
-1.595443795428444611e+00,-1.306293596738125062e+00,-1.017143398047805514e+00,-6.154575492605262044e-01,-5.157736315102089408e-01,-5.758701560869551317e-01,-6.168884188933058121e-01
-1.306293596738125062e+00,-1.017143398047805514e+00,-7.279931993574858540e-01,-5.157736315102089408e-01,-5.758701560869551317e-01,-6.168884188933058121e-01,-6.750771172930125630e-01
-1.017143398047805514e+00,-7.279931993574858540e-01,-4.388430006671663053e-01,-5.758701560869551317e-01,-6.168884188933058121e-01,-6.750771172930125630e-01,-6.822314654569108239e-01
-7.279931993574858540e-01,-4.388430006671663053e-01,-1.496928019768467288e-01,-6.168884188933058121e-01,-6.750771172930125630e-01,-6.822314654569108239e-01,-6.669688560405943045e-01
-4.388430006671663053e-01,-1.496928019768467288e-01,1.394573967134728198e-01,-6.750771172930125630e-01,-6.822314654569108239e-01,-6.669688560405943045e-01,-6.755540738372723952e-01
-1.496928019768467288e-01,1.394573967134728198e-01,4.286075954037923963e-01,-6.822314654569108239e-01,-6.669688560405943045e-01,-6.755540738372723952e-01,-6.736462476602328442e-01
1.394573967134728198e-01,4.286075954037923963e-01,7.177577940941118895e-01,-6.669688560405943045e-01,-6.755540738372723952e-01,-6.736462476602328442e-01,-6.803236392798712728e-01
4.286075954037923963e-01,7.177577940941118895e-01,1.006907992784431549e+00,-6.755540738372723952e-01,-6.736462476602328442e-01,-6.803236392798712728e-01,-6.750771172930125630e-01
7.177577940941118895e-01,1.006907992784431549e+00,1.296058191474751098e+00,-6.736462476602328442e-01,-6.803236392798712728e-01,-6.750771172930125630e-01,-6.827084220011707671e-01
1.006907992784431549e+00,1.296058191474751098e+00,1.585208390165070647e+00,-6.803236392798712728e-01,-6.750771172930125630e-01,-6.827084220011707671e-01,-6.407362461063004222e-01
1.296058191474751098e+00,1.585208390165070647e+00,-1.595443795428444611e+00,-6.750771172930125630e-01,-6.827084220011707671e-01,-6.407362461063004222e-01,-6.345358110309218258e-01
1.585208390165070647e+00,-1.595443795428444611e+00,-1.306293596738125062e+00,-6.827084220011707671e-01,-6.407362461063004222e-01,-6.345358110309218258e-01,-6.354897241194414903e-01
-1.595443795428444611e+00,-1.306293596738125062e+00,-1.017143398047805514e+00,-6.407362461063004222e-01,-6.345358110309218258e-01,-6.354897241194414903e-01,-6.583836382439163248e-01
-1.306293596738125062e+00,-1.017143398047805514e+00,-7.279931993574858540e-01,-6.345358110309218258e-01,-6.354897241194414903e-01,-6.583836382439163248e-01,-6.741232042044927875e-01
-1.017143398047805514e+00,-7.279931993574858540e-01,-4.388430006671663053e-01,-6.354897241194414903e-01,-6.583836382439163248e-01,-6.741232042044927875e-01,-6.388284199292607601e-01
-7.279931993574858540e-01,-4.388430006671663053e-01,-1.496928019768467288e-01,-6.583836382439163248e-01,-6.741232042044927875e-01,-6.388284199292607601e-01,-6.621992905979954269e-01
-4.388430006671663053e-01,-1.496928019768467288e-01,1.394573967134728198e-01,-6.741232042044927875e-01,-6.388284199292607601e-01,-6.621992905979954269e-01,-6.874779874437697558e-01
-1.496928019768467288e-01,1.394573967134728198e-01,4.286075954037923963e-01,-6.388284199292607601e-01,-6.621992905979954269e-01,-6.874779874437697558e-01,-6.660149429520745290e-01
1.394573967134728198e-01,4.286075954037923963e-01,7.177577940941118895e-01,-6.621992905979954269e-01,-6.874779874437697558e-01,-6.660149429520745290e-01,-6.769849434700521140e-01
4.286075954037923963e-01,7.177577940941118895e-01,1.006907992784431549e+00,-6.874779874437697558e-01,-6.660149429520745290e-01,-6.769849434700521140e-01,-6.373975502964810413e-01
7.177577940941118895e-01,1.006907992784431549e+00,1.296058191474751098e+00,-6.660149429520745290e-01,-6.769849434700521140e-01,-6.373975502964810413e-01,-6.645840733192949212e-01
1.006907992784431549e+00,1.296058191474751098e+00,1.585208390165070647e+00,-6.769849434700521140e-01,-6.373975502964810413e-01,-6.645840733192949212e-01,-5.897018958704920433e-01
1.296058191474751098e+00,1.585208390165070647e+00,-1.595443795428444611e+00,-6.373975502964810413e-01,-6.645840733192949212e-01,-5.897018958704920433e-01,-4.814327603234968000e-01
1.585208390165070647e+00,-1.595443795428444611e+00,-1.306293596738125062e+00,-6.645840733192949212e-01,-5.897018958704920433e-01,-4.814327603234968000e-01,-4.966953697398133194e-01
-1.595443795428444611e+00,-1.306293596738125062e+00,-1.017143398047805514e+00,-5.897018958704920433e-01,-4.814327603234968000e-01,-4.966953697398133194e-01,-6.435979853718597488e-01
-1.306293596738125062e+00,-1.017143398047805514e+00,-7.279931993574858540e-01,-4.814327603234968000e-01,-4.966953697398133194e-01,-6.435979853718597488e-01,-6.726923345717130687e-01
-1.017143398047805514e+00,-7.279931993574858540e-01,-4.388430006671663053e-01,-4.966953697398133194e-01,-6.435979853718597488e-01,-6.726923345717130687e-01,-6.631532036865152024e-01
-7.279931993574858540e-01,-4.388430006671663053e-01,-1.496928019768467288e-01,-6.435979853718597488e-01,-6.726923345717130687e-01,-6.631532036865152024e-01,-6.354897241194414903e-01
-4.388430006671663053e-01,-1.496928019768467288e-01,1.394573967134728198e-01,-6.726923345717130687e-01,-6.631532036865152024e-01,-6.354897241194414903e-01,-6.407362461063004222e-01
-1.496928019768467288e-01,1.394573967134728198e-01,4.286075954037923963e-01,-6.631532036865152024e-01,-6.354897241194414903e-01,-6.407362461063004222e-01,-6.459827680931591321e-01
1.394573967134728198e-01,4.286075954037923963e-01,7.177577940941118895e-01,-6.354897241194414903e-01,-6.407362461063004222e-01,-6.459827680931591321e-01,-6.855701612667302047e-01
4.286075954037923963e-01,7.177577940941118895e-01,1.006907992784431549e+00,-6.407362461063004222e-01,-6.459827680931591321e-01,-6.855701612667302047e-01,-6.579066816996564926e-01
7.177577940941118895e-01,1.006907992784431549e+00,1.296058191474751098e+00,-6.459827680931591321e-01,-6.855701612667302047e-01,-6.579066816996564926e-01,-6.621992905979954269e-01
1.006907992784431549e+00,1.296058191474751098e+00,1.585208390165070647e+00,-6.855701612667302047e-01,-6.579066816996564926e-01,-6.621992905979954269e-01,-5.668079817460173198e-01
1.296058191474751098e+00,1.585208390165070647e+00,-1.595443795428444611e+00,-6.579066816996564926e-01,-6.621992905979954269e-01,-5.668079817460173198e-01,-5.586997204935990613e-01
1.585208390165070647e+00,-1.595443795428444611e+00,-1.306293596738125062e+00,-6.621992905979954269e-01,-5.668079817460173198e-01,-5.586997204935990613e-01,-1.799962243512457927e-01
-1.595443795428444611e+00,-1.306293596738125062e+00,-1.017143398047805514e+00,-5.668079817460173198e-01,-5.586997204935990613e-01,-1.799962243512457927e-01,-2.496318798131898220e-01
-1.306293596738125062e+00,-1.017143398047805514e+00,-7.279931993574858540e-01,-5.586997204935990613e-01,-1.799962243512457927e-01,-2.496318798131898220e-01,-6.631532036865152024e-01
-1.017143398047805514e+00,-7.279931993574858540e-01,-4.388430006671663053e-01,-1.799962243512457927e-01,-2.496318798131898220e-01,-6.631532036865152024e-01,-6.765079869257921708e-01
-7.279931993574858540e-01,-4.388430006671663053e-01,-1.496928019768467288e-01,-2.496318798131898220e-01,-6.631532036865152024e-01,-6.765079869257921708e-01,-6.760310303815323385e-01
-4.388430006671663053e-01,-1.496928019768467288e-01,1.394573967134728198e-01,-6.631532036865152024e-01,-6.765079869257921708e-01,-6.760310303815323385e-01,-6.674458125848542478e-01
-1.496928019768467288e-01,1.394573967134728198e-01,4.286075954037923963e-01,-6.765079869257921708e-01,-6.760310303815323385e-01,-6.674458125848542478e-01,-6.526601597127975607e-01
1.394573967134728198e-01,4.286075954037923963e-01,7.177577940941118895e-01,-6.760310303815323385e-01,-6.674458125848542478e-01,-6.526601597127975607e-01,-6.054414618310683949e-01
4.286075954037923963e-01,7.177577940941118895e-01,1.006907992784431549e+00,-6.674458125848542478e-01,-6.526601597127975607e-01,-6.054414618310683949e-01,-5.839784173393733901e-01
7.177577940941118895e-01,1.006907992784431549e+00,1.296058191474751098e+00,-6.526601597127975607e-01,-6.054414618310683949e-01,-5.839784173393733901e-01,-1.258447731602410809e-02
1.006907992784431549e+00,1.296058191474751098e+00,1.585208390165070647e+00,-6.054414618310683949e-01,-5.839784173393733901e-01,-1.258447731602410809e-02,-2.901731860752805869e-01
1.296058191474751098e+00,1.585208390165070647e+00,-1.595443795428444611e+00,-5.839784173393733901e-01,-1.258447731602410809e-02,-2.901731860752805869e-01,-6.600361027313182694e-02
1.585208390165070647e+00,-1.595443795428444611e+00,-1.306293596738125062e+00,-1.258447731602410809e-02,-2.901731860752805869e-01,-6.600361027313182694e-02,2.487877089383961071e-01
-1.595443795428444611e+00,-1.306293596738125062e+00,-1.017143398047805514e+00,-2.901731860752805869e-01,-6.600361027313182694e-02,2.487877089383961071e-01,-2.090905735510991126e-01
-1.306293596738125062e+00,-1.017143398047805514e+00,-7.279931993574858540e-01,-6.600361027313182694e-02,2.487877089383961071e-01,-2.090905735510991126e-01,-5.143427618774292220e-01
-1.017143398047805514e+00,-7.279931993574858540e-01,-4.388430006671663053e-01,2.487877089383961071e-01,-2.090905735510991126e-01,-5.143427618774292220e-01,-6.478905942701986831e-01
-7.279931993574858540e-01,-4.388430006671663053e-01,-1.496928019768467288e-01,-2.090905735510991126e-01,-5.143427618774292220e-01,-6.478905942701986831e-01,-6.717384214831932931e-01
-4.388430006671663053e-01,-1.496928019768467288e-01,1.394573967134728198e-01,-5.143427618774292220e-01,-6.478905942701986831e-01,-6.717384214831932931e-01,-6.669688560405943045e-01
-1.496928019768467288e-01,1.394573967134728198e-01,4.286075954037923963e-01,-6.478905942701986831e-01,-6.717384214831932931e-01,-6.669688560405943045e-01,-6.669688560405943045e-01
1.394573967134728198e-01,4.286075954037923963e-01,7.177577940941118895e-01,-6.717384214831932931e-01,-6.669688560405943045e-01,-6.669688560405943045e-01,-6.574297251553965493e-01
4.286075954037923963e-01,7.177577940941118895e-01,1.006907992784431549e+00,-6.669688560405943045e-01,-6.669688560405943045e-01,-6.574297251553965493e-01,-5.572688508608194535e-01
7.177577940941118895e-01,1.006907992784431549e+00,1.296058191474751098e+00,-6.669688560405943045e-01,-6.574297251553965493e-01,-5.572688508608194535e-01,-4.952645001070337116e-01
1.006907992784431549e+00,1.296058191474751098e+00,1.585208390165070647e+00,-6.574297251553965493e-01,-5.572688508608194535e-01,-4.952645001070337116e-01,-2.615557934196870993e-01
1.296058191474751098e+00,1.585208390165070647e+00,-1.595443795428444611e+00,-5.572688508608194535e-01,-4.952645001070337116e-01,-2.615557934196870993e-01,6.208138134611109749e-01
1.585208390165070647e+00,-1.595443795428444611e+00,-1.306293596738125062e+00,-4.952645001070337116e-01,-2.615557934196870993e-01,6.208138134611109749e-01,5.206529391665339901e-01
-1.595443795428444611e+00,-1.306293596738125062e+00,-1.017143398047805514e+00,-2.615557934196870993e-01,6.208138134611109749e-01,5.206529391665339901e-01,-6.621992905979954269e-01
-1.306293596738125062e+00,-1.017143398047805514e+00,-7.279931993574858540e-01,6.208138134611109749e-01,5.206529391665339901e-01,-6.621992905979954269e-01,-5.811166780738140636e-01
-1.017143398047805514e+00,-7.279931993574858540e-01,-4.388430006671663053e-01,5.206529391665339901e-01,-6.621992905979954269e-01,-5.811166780738140636e-01,-6.669688560405943045e-01
-7.279931993574858540e-01,-4.388430006671663053e-01,-1.496928019768467288e-01,-6.621992905979954269e-01,-5.811166780738140636e-01,-6.669688560405943045e-01,-6.621992905979954269e-01
-4.388430006671663053e-01,-1.496928019768467288e-01,1.394573967134728198e-01,-5.811166780738140636e-01,-6.669688560405943045e-01,-6.621992905979954269e-01,-6.145036361720064289e-01
-1.496928019768467288e-01,1.394573967134728198e-01,4.286075954037923963e-01,-6.669688560405943045e-01,-6.621992905979954269e-01,-6.145036361720064289e-01,-6.621992905979954269e-01
1.394573967134728198e-01,4.286075954037923963e-01,7.177577940941118895e-01,-6.621992905979954269e-01,-6.145036361720064289e-01,-6.621992905979954269e-01,-6.097340707294074402e-01
4.286075954037923963e-01,7.177577940941118895e-01,1.006907992784431549e+00,-6.145036361720064289e-01,-6.621992905979954269e-01,-6.097340707294074402e-01,-6.335818979424019393e-01
7.177577940941118895e-01,1.006907992784431549e+00,1.296058191474751098e+00,-6.621992905979954269e-01,-6.097340707294074402e-01,-6.335818979424019393e-01,5.921964208055174872e-01
1.006907992784431549e+00,1.296058191474751098e+00,1.585208390165070647e+00,-6.097340707294074402e-01,-6.335818979424019393e-01,5.921964208055174872e-01,-3.261665217493954494e-02
1.296058191474751098e+00,1.585208390165070647e+00,-1.595443795428444611e+00,-6.335818979424019393e-01,5.921964208055174872e-01,-3.261665217493954494e-02,8.020573002798695450e-01
1.585208390165070647e+00,-1.595443795428444611e+00,-1.306293596738125062e+00,5.921964208055174872e-01,-3.261665217493954494e-02,8.020573002798695450e-01,1.009311802178299161e-01
-1.595443795428444611e+00,-1.306293596738125062e+00,-1.017143398047805514e+00,-3.261665217493954494e-02,8.020573002798695450e-01,1.009311802178299161e-01,-3.426384059438685736e-01
-1.306293596738125062e+00,-1.017143398047805514e+00,-7.279931993574858540e-01,8.020573002798695450e-01,1.009311802178299161e-01,-3.426384059438685736e-01,-5.906558089590118188e-01
-1.017143398047805514e+00,-7.279931993574858540e-01,-4.388430006671663053e-01,1.009311802178299161e-01,-3.426384059438685736e-01,-5.906558089590118188e-01,-6.669688560405943045e-01
-7.279931993574858540e-01,-4.388430006671663053e-01,-1.496928019768467288e-01,-3.426384059438685736e-01,-5.906558089590118188e-01,-6.669688560405943045e-01,-6.717384214831932931e-01
-4.388430006671663053e-01,-1.496928019768467288e-01,1.394573967134728198e-01,-5.906558089590118188e-01,-6.669688560405943045e-01,-6.717384214831932931e-01,-6.669688560405943045e-01
-1.496928019768467288e-01,1.394573967134728198e-01,4.286075954037923963e-01,-6.669688560405943045e-01,-6.717384214831932931e-01,-6.669688560405943045e-01,-6.431210288275998055e-01
1.394573967134728198e-01,4.286075954037923963e-01,7.177577940941118895e-01,-6.717384214831932931e-01,-6.669688560405943045e-01,-6.431210288275998055e-01,-6.621992905979954269e-01
4.286075954037923963e-01,7.177577940941118895e-01,1.006907992784431549e+00,-6.669688560405943045e-01,-6.431210288275998055e-01,-6.621992905979954269e-01,-6.621992905979954269e-01
7.177577940941118895e-01,1.006907992784431549e+00,1.296058191474751098e+00,-6.431210288275998055e-01,-6.621992905979954269e-01,-6.621992905979954269e-01,-5.334210236478248435e-01
-1.595443795428444611e+00,-1.306293596738125062e+00,-1.017143398047805514e+00,4.643720669438669013e-01,1.660579079947672954e+00,8.135042573421068512e-01,-6.765079869257921708e-01
-1.306293596738125062e+00,-1.017143398047805514e+00,-7.279931993574858540e-01,1.660579079947672954e+00,8.135042573421068512e-01,-6.765079869257921708e-01,-6.841392916339503749e-01
-1.017143398047805514e+00,-7.279931993574858540e-01,-4.388430006671663053e-01,8.135042573421068512e-01,-6.765079869257921708e-01,-6.841392916339503749e-01,-6.803236392798712728e-01
-7.279931993574858540e-01,-4.388430006671663053e-01,-1.496928019768467288e-01,-6.765079869257921708e-01,-6.841392916339503749e-01,-6.803236392798712728e-01,-1.814270939840254282e-01
-4.388430006671663053e-01,-1.496928019768467288e-01,1.394573967134728198e-01,-6.841392916339503749e-01,-6.803236392798712728e-01,-1.814270939840254282e-01,3.892682946404415339e-02
-1.496928019768467288e-01,1.394573967134728198e-01,4.286075954037923963e-01,-6.803236392798712728e-01,-1.814270939840254282e-01,3.892682946404415339e-02,-3.698249289666823425e-01
1.394573967134728198e-01,4.286075954037923963e-01,7.177577940941118895e-01,-1.814270939840254282e-01,3.892682946404415339e-02,-3.698249289666823425e-01,6.437077275855858094e-01
4.286075954037923963e-01,7.177577940941118895e-01,1.006907992784431549e+00,3.892682946404415339e-02,-3.698249289666823425e-01,6.437077275855858094e-01,1.104703111030277407e-01
7.177577940941118895e-01,1.006907992784431549e+00,1.296058191474751098e+00,-3.698249289666823425e-01,6.437077275855858094e-01,1.104703111030277407e-01,3.892682946404415339e-02
1.006907992784431549e+00,1.296058191474751098e+00,1.585208390165070647e+00,6.437077275855858094e-01,1.104703111030277407e-01,3.892682946404415339e-02,8.106425180765476357e-01
1.296058191474751098e+00,1.585208390165070647e+00,-1.595443795428444611e+00,1.104703111030277407e-01,3.892682946404415339e-02,8.106425180765476357e-01,-4.718936294382989338e-01
1.585208390165070647e+00,-1.595443795428444611e+00,-1.306293596738125062e+00,3.892682946404415339e-02,8.106425180765476357e-01,-4.718936294382989338e-01,-6.249966801457239596e-01
-1.595443795428444611e+00,-1.306293596738125062e+00,-1.017143398047805514e+00,8.106425180765476357e-01,-4.718936294382989338e-01,-6.249966801457239596e-01,2.340020560663395310e-01
-1.306293596738125062e+00,-1.017143398047805514e+00,-7.279931993574858540e-01,-4.718936294382989338e-01,-6.249966801457239596e-01,2.340020560663395310e-01,5.449777229237884324e-01
-1.017143398047805514e+00,-7.279931993574858540e-01,-4.388430006671663053e-01,-6.249966801457239596e-01,2.340020560663395310e-01,5.449777229237884324e-01,-5.796858084410342338e-01
-7.279931993574858540e-01,-4.388430006671663053e-01,-1.496928019768467288e-01,2.340020560663395310e-01,5.449777229237884324e-01,-5.796858084410342338e-01,6.761407725952583991e-01
-4.388430006671663053e-01,-1.496928019768467288e-01,1.394573967134728198e-01,5.449777229237884324e-01,-5.796858084410342338e-01,6.761407725952583991e-01,-3.741175378650213323e-01
-1.496928019768467288e-01,1.394573967134728198e-01,4.286075954037923963e-01,-5.796858084410342338e-01,6.761407725952583991e-01,-3.741175378650213323e-01,-5.033727613594517480e-01
1.394573967134728198e-01,4.286075954037923963e-01,7.177577940941118895e-01,6.761407725952583991e-01,-3.741175378650213323e-01,-5.033727613594517480e-01,2.468798827613565561e-01
4.286075954037923963e-01,7.177577940941118895e-01,1.006907992784431549e+00,-3.741175378650213323e-01,-5.033727613594517480e-01,2.468798827613565561e-01,1.479335593128914494e+00
7.177577940941118895e-01,1.006907992784431549e+00,1.296058191474751098e+00,-5.033727613594517480e-01,2.468798827613565561e-01,1.479335593128914494e+00,2.397255345974582397e-01
1.006907992784431549e+00,1.296058191474751098e+00,1.585208390165070647e+00,2.468798827613565561e-01,1.479335593128914494e+00,2.397255345974582397e-01,1.168836882815725620e+00
1.296058191474751098e+00,1.585208390165070647e+00,-1.595443795428444611e+00,1.479335593128914494e+00,2.397255345974582397e-01,1.168836882815725620e+00,1.515584290492666408e+00
1.585208390165070647e+00,-1.595443795428444611e+00,-1.306293596738125062e+00,2.397255345974582397e-01,1.168836882815725620e+00,1.515584290492666408e+00,2.231019106882502712e+00
-1.595443795428444611e+00,-1.306293596738125062e+00,-1.017143398047805514e+00,1.168836882815725620e+00,1.515584290492666408e+00,2.231019106882502712e+00,2.974372764529050195e-01
-1.306293596738125062e+00,-1.017143398047805514e+00,-7.279931993574858540e-01,1.515584290492666408e+00,2.231019106882502712e+00,2.974372764529050195e-01,9.117573054596443960e-01
-1.017143398047805514e+00,-7.279931993574858540e-01,-4.388430006671663053e-01,2.231019106882502712e+00,2.974372764529050195e-01,9.117573054596443960e-01,-6.698305953061537421e-01
-7.279931993574858540e-01,-4.388430006671663053e-01,-1.496928019768467288e-01,2.974372764529050195e-01,9.117573054596443960e-01,-6.698305953061537421e-01,6.270142485364895713e-01
-4.388430006671663053e-01,-1.496928019768467288e-01,1.394573967134728198e-01,9.117573054596443960e-01,-6.698305953061537421e-01,6.270142485364895713e-01,-1.513788316956523050e-01
-1.496928019768467288e-01,1.394573967134728198e-01,4.286075954037923963e-01,-6.698305953061537421e-01,6.270142485364895713e-01,-1.513788316956523050e-01,3.871051067737643625e-01
1.394573967134728198e-01,4.286075954037923963e-01,7.177577940941118895e-01,6.270142485364895713e-01,-1.513788316956523050e-01,3.871051067737643625e-01,4.605564145897877437e-01
4.286075954037923963e-01,7.177577940941118895e-01,1.006907992784431549e+00,-1.513788316956523050e-01,3.871051067737643625e-01,4.605564145897877437e-01,1.143558185969951513e+00
7.177577940941118895e-01,1.006907992784431549e+00,1.296058191474751098e+00,3.871051067737643625e-01,4.605564145897877437e-01,1.143558185969951513e+00,1.080599922127645884e+00
1.006907992784431549e+00,1.296058191474751098e+00,1.585208390165070647e+00,4.605564145897877437e-01,1.143558185969951513e+00,1.080599922127645884e+00,2.101542288533449765e-01
1.296058191474751098e+00,1.585208390165070647e+00,-1.595443795428444611e+00,1.143558185969951513e+00,1.080599922127645884e+00,2.101542288533449765e-01,2.149459537814061516e+00
1.585208390165070647e+00,-1.595443795428444611e+00,-1.306293596738125062e+00,1.080599922127645884e+00,2.101542288533449765e-01,2.149459537814061516e+00,1.621468643318362046e+00
-1.595443795428444611e+00,-1.306293596738125062e+00,-1.017143398047805514e+00,2.101542288533449765e-01,2.149459537814061516e+00,1.621468643318362046e+00,-2.496318798131898220e-01
-1.306293596738125062e+00,-1.017143398047805514e+00,-7.279931993574858540e-01,2.149459537814061516e+00,1.621468643318362046e+00,-2.496318798131898220e-01,1.869486046333505458e+00
-1.017143398047805514e+00,-7.279931993574858540e-01,-4.388430006671663053e-01,1.621468643318362046e+00,-2.496318798131898220e-01,1.869486046333505458e+00,-5.691927644673168141e-01
-7.279931993574858540e-01,-4.388430006671663053e-01,-1.496928019768467288e-01,-2.496318798131898220e-01,1.869486046333505458e+00,-5.691927644673168141e-01,3.241468429314589561e-01
-4.388430006671663053e-01,-1.496928019768467288e-01,1.394573967134728198e-01,1.869486046333505458e+00,-5.691927644673168141e-01,3.241468429314589561e-01,-7.792752387962915972e-02
-1.496928019768467288e-01,1.394573967134728198e-01,4.286075954037923963e-01,-5.691927644673168141e-01,3.241468429314589561e-01,-7.792752387962915972e-02,1.262098770636042033e-01
1.394573967134728198e-01,4.286075954037923963e-01,7.177577940941118895e-01,3.241468429314589561e-01,-7.792752387962915972e-02,1.262098770636042033e-01,2.907598848332664243e-01
4.286075954037923963e-01,7.177577940941118895e-01,1.006907992784431549e+00,-7.792752387962915972e-02,1.262098770636042033e-01,2.907598848332664243e-01,1.665825601934531885e+00
7.177577940941118895e-01,1.006907992784431549e+00,1.296058191474751098e+00,1.262098770636042033e-01,2.907598848332664243e-01,1.665825601934531885e+00,2.630231734428031487e+00
1.006907992784431549e+00,1.296058191474751098e+00,1.585208390165070647e+00,2.907598848332664243e-01,1.665825601934531885e+00,2.630231734428031487e+00,2.666957388336042900e+00
1.296058191474751098e+00,1.585208390165070647e+00,-1.595443795428444611e+00,1.665825601934531885e+00,2.630231734428031487e+00,2.666957388336042900e+00,1.922905179290613331e+00
1.585208390165070647e+00,-1.595443795428444611e+00,-1.306293596738125062e+00,2.630231734428031487e+00,2.666957388336042900e+00,1.922905179290613331e+00,2.852970440597400348e+00
-1.595443795428444611e+00,-1.306293596738125062e+00,-1.017143398047805514e+00,2.666957388336042900e+00,1.922905179290613331e+00,2.852970440597400348e+00,1.703505168931063185e+00
-1.306293596738125062e+00,-1.017143398047805514e+00,-7.279931993574858540e-01,1.922905179290613331e+00,2.852970440597400348e+00,1.703505168931063185e+00,1.779818216012645671e+00
-1.017143398047805514e+00,-7.279931993574858540e-01,-4.388430006671663053e-01,2.852970440597400348e+00,1.703505168931063185e+00,1.779818216012645671e+00,7.114355568704902044e-01
-7.279931993574858540e-01,-4.388430006671663053e-01,-1.496928019768467288e-01,1.703505168931063185e+00,1.779818216012645671e+00,7.114355568704902044e-01,-3.664862331568630727e-01
-4.388430006671663053e-01,-1.496928019768467288e-01,1.394573967134728198e-01,1.779818216012645671e+00,7.114355568704902044e-01,-3.664862331568630727e-01,2.630964052661928787e-01
-1.496928019768467288e-01,1.394573967134728198e-01,4.286075954037923963e-01,7.114355568704902044e-01,-3.664862331568630727e-01,2.630964052661928787e-01,5.323552579184089029e-02
1.394573967134728198e-01,4.286075954037923963e-01,7.177577940941118895e-01,-3.664862331568630727e-01,2.630964052661928787e-01,5.323552579184089029e-02,3.871051067737643625e-01
4.286075954037923963e-01,7.177577940941118895e-01,1.006907992784431549e+00,2.630964052661928787e-01,5.323552579184089029e-02,3.871051067737643625e-01,1.980139964601799862e+00
7.177577940941118895e-01,1.006907992784431549e+00,1.296058191474751098e+00,5.323552579184089029e-02,3.871051067737643625e-01,1.980139964601799862e+00,2.500022597845081407e+00
1.006907992784431549e+00,1.296058191474751098e+00,1.585208390165070647e+00,3.871051067737643625e-01,1.980139964601799862e+00,2.500022597845081407e+00,2.204309540403948997e+00
1.296058191474751098e+00,1.585208390165070647e+00,-1.595443795428444611e+00,1.980139964601799862e+00,2.500022597845081407e+00,2.204309540403948997e+00,1.507900225104958844e-02
1.585208390165070647e+00,-1.595443795428444611e+00,-1.306293596738125062e+00,2.500022597845081407e+00,2.204309540403948997e+00,1.507900225104958844e-02,2.838661744269603826e+00
-1.595443795428444611e+00,-1.306293596738125062e+00,-1.017143398047805514e+00,2.204309540403948997e+00,1.507900225104958844e-02,2.838661744269603826e+00,2.466635639746888931e+00
-1.306293596738125062e+00,-1.017143398047805514e+00,-7.279931993574858540e-01,1.507900225104958844e-02,2.838661744269603826e+00,2.466635639746888931e+00,1.665348645390272164e+00
-1.017143398047805514e+00,-7.279931993574858540e-01,-4.388430006671663053e-01,2.838661744269603826e+00,2.466635639746888931e+00,1.665348645390272164e+00,5.349616354943306229e-01
-7.279931993574858540e-01,-4.388430006671663053e-01,-1.496928019768467288e-01,2.466635639746888931e+00,1.665348645390272164e+00,5.349616354943306229e-01,5.778877244777208544e-01
-4.388430006671663053e-01,-1.496928019768467288e-01,1.394573967134728198e-01,1.665348645390272164e+00,5.349616354943306229e-01,5.778877244777208544e-01,-4.666471074514402240e-01
-1.496928019768467288e-01,1.394573967134728198e-01,4.286075954037923963e-01,5.349616354943306229e-01,5.778877244777208544e-01,-4.666471074514402240e-01,7.703059232528490551e-04
1.394573967134728198e-01,4.286075954037923963e-01,7.177577940941118895e-01,5.778877244777208544e-01,-4.666471074514402240e-01,7.703059232528490551e-04,1.247790074308244845e-01
4.286075954037923963e-01,7.177577940941118895e-01,1.006907992784431549e+00,-4.666471074514402240e-01,7.703059232528490551e-04,1.247790074308244845e-01,7.352833840834849255e-01
7.177577940941118895e-01,1.006907992784431549e+00,1.296058191474751098e+00,7.703059232528490551e-04,1.247790074308244845e-01,7.352833840834849255e-01,2.666957388336042900e+00
1.006907992784431549e+00,1.296058191474751098e+00,1.585208390165070647e+00,1.247790074308244845e-01,7.352833840834849255e-01,2.666957388336042900e+00,3.701953089380006556e+00
1.296058191474751098e+00,1.585208390165070647e+00,-1.595443795428444611e+00,7.352833840834849255e-01,2.666957388336042900e+00,3.701953089380006556e+00,1.474566027686315728e+00
1.585208390165070647e+00,-1.595443795428444611e+00,-1.306293596738125062e+00,2.666957388336042900e+00,3.701953089380006556e+00,1.474566027686315728e+00,7.639007767390781911e-01
-1.595443795428444611e+00,-1.306293596738125062e+00,-1.017143398047805514e+00,3.701953089380006556e+00,1.474566027686315728e+00,7.639007767390781911e-01,9.260660017874412508e-01
-1.306293596738125062e+00,-1.017143398047805514e+00,-7.279931993574858540e-01,1.474566027686315728e+00,7.639007767390781911e-01,9.260660017874412508e-01,6.398920752315067073e-01
-1.017143398047805514e+00,-7.279931993574858540e-01,-4.388430006671663053e-01,7.639007767390781911e-01,9.260660017874412508e-01,6.398920752315067073e-01,1.486268346438190391e-01
-7.279931993574858540e-01,-4.388430006671663053e-01,-1.496928019768467288e-01,9.260660017874412508e-01,6.398920752315067073e-01,1.486268346438190391e-01,-3.426384059438685736e-01
-4.388430006671663053e-01,-1.496928019768467288e-01,1.394573967134728198e-01,6.398920752315067073e-01,1.486268346438190391e-01,-3.426384059438685736e-01,-1.900123117807034634e-01
-1.496928019768467288e-01,1.394573967134728198e-01,4.286075954037923963e-01,1.486268346438190391e-01,-3.426384059438685736e-01,-1.900123117807034634e-01,2.821746670365885001e-01
1.394573967134728198e-01,4.286075954037923963e-01,7.177577940941118895e-01,-3.426384059438685736e-01,-1.900123117807034634e-01,2.821746670365885001e-01,-5.143427618774292220e-01
4.286075954037923963e-01,7.177577940941118895e-01,1.006907992784431549e+00,-1.900123117807034634e-01,2.821746670365885001e-01,-5.143427618774292220e-01,-1.709340500103078142e-01
7.177577940941118895e-01,1.006907992784431549e+00,1.296058191474751098e+00,2.821746670365885001e-01,-5.143427618774292220e-01,-1.709340500103078142e-01,2.142305189650163033e+00
-1.595443795428444611e+00,-1.306293596738125062e+00,-1.017143398047805514e+00,-5.916097220475315943e-01,-5.453449372543222040e-01,-6.769849434700521140e-01,-6.559988555226169415e-01
-1.306293596738125062e+00,-1.017143398047805514e+00,-7.279931993574858540e-01,-5.453449372543222040e-01,-6.769849434700521140e-01,-6.559988555226169415e-01,-6.769849434700521140e-01
-1.017143398047805514e+00,-7.279931993574858540e-01,-4.388430006671663053e-01,-6.769849434700521140e-01,-6.559988555226169415e-01,-6.769849434700521140e-01,-6.769849434700521140e-01
-7.279931993574858540e-01,-4.388430006671663053e-01,-1.496928019768467288e-01,-6.559988555226169415e-01,-6.769849434700521140e-01,-6.769849434700521140e-01,-6.445518984603795243e-01
-4.388430006671663053e-01,-1.496928019768467288e-01,1.394573967134728198e-01,-6.769849434700521140e-01,-6.769849434700521140e-01,-6.445518984603795243e-01,-6.722153780274532364e-01
-1.496928019768467288e-01,1.394573967134728198e-01,4.286075954037923963e-01,-6.769849434700521140e-01,-6.445518984603795243e-01,-6.722153780274532364e-01,-6.774619000143119463e-01
1.394573967134728198e-01,4.286075954037923963e-01,7.177577940941118895e-01,-6.445518984603795243e-01,-6.722153780274532364e-01,-6.774619000143119463e-01,-6.669688560405943045e-01
4.286075954037923963e-01,7.177577940941118895e-01,1.006907992784431549e+00,-6.722153780274532364e-01,-6.774619000143119463e-01,-6.669688560405943045e-01,-6.765079869257921708e-01
7.177577940941118895e-01,1.006907992784431549e+00,1.296058191474751098e+00,-6.774619000143119463e-01,-6.669688560405943045e-01,-6.765079869257921708e-01,-6.765079869257921708e-01
1.006907992784431549e+00,1.296058191474751098e+00,1.585208390165070647e+00,-6.669688560405943045e-01,-6.765079869257921708e-01,-6.765079869257921708e-01,-6.388284199292607601e-01
1.296058191474751098e+00,1.585208390165070647e+00,-1.595443795428444611e+00,-6.765079869257921708e-01,-6.765079869257921708e-01,-6.388284199292607601e-01,-6.364436372079612658e-01
1.585208390165070647e+00,-1.595443795428444611e+00,-1.306293596738125062e+00,-6.765079869257921708e-01,-6.388284199292607601e-01,-6.364436372079612658e-01,-6.531371162570575040e-01
-1.595443795428444611e+00,-1.306293596738125062e+00,-1.017143398047805514e+00,-6.388284199292607601e-01,-6.364436372079612658e-01,-6.531371162570575040e-01,-6.521832031685377284e-01
-1.306293596738125062e+00,-1.017143398047805514e+00,-7.279931993574858540e-01,-6.364436372079612658e-01,-6.531371162570575040e-01,-6.521832031685377284e-01,-6.712614649389334609e-01
-1.017143398047805514e+00,-7.279931993574858540e-01,-4.388430006671663053e-01,-6.531371162570575040e-01,-6.521832031685377284e-01,-6.712614649389334609e-01,-6.707845083946735176e-01
-7.279931993574858540e-01,-4.388430006671663053e-01,-1.496928019768467288e-01,-6.521832031685377284e-01,-6.712614649389334609e-01,-6.707845083946735176e-01,-6.707845083946735176e-01
-4.388430006671663053e-01,-1.496928019768467288e-01,1.394573967134728198e-01,-6.712614649389334609e-01,-6.707845083946735176e-01,-6.707845083946735176e-01,-6.841392916339503749e-01
-1.496928019768467288e-01,1.394573967134728198e-01,4.286075954037923963e-01,-6.707845083946735176e-01,-6.707845083946735176e-01,-6.841392916339503749e-01,-6.712614649389334609e-01
1.394573967134728198e-01,4.286075954037923963e-01,7.177577940941118895e-01,-6.707845083946735176e-01,-6.841392916339503749e-01,-6.712614649389334609e-01,-6.664918994963344723e-01
4.286075954037923963e-01,7.177577940941118895e-01,1.006907992784431549e+00,-6.841392916339503749e-01,-6.712614649389334609e-01,-6.664918994963344723e-01,-6.655379864078146968e-01
7.177577940941118895e-01,1.006907992784431549e+00,1.296058191474751098e+00,-6.712614649389334609e-01,-6.664918994963344723e-01,-6.655379864078146968e-01,-6.593375513324361004e-01
1.006907992784431549e+00,1.296058191474751098e+00,1.585208390165070647e+00,-6.664918994963344723e-01,-6.655379864078146968e-01,-6.593375513324361004e-01,-6.035336356540288438e-01
1.296058191474751098e+00,1.585208390165070647e+00,-1.595443795428444611e+00,-6.655379864078146968e-01,-6.593375513324361004e-01,-6.035336356540288438e-01,-4.895410215759150030e-01
1.585208390165070647e+00,-1.595443795428444611e+00,-1.306293596738125062e+00,-6.593375513324361004e-01,-6.035336356540288438e-01,-4.895410215759150030e-01,-5.577458074050793968e-01
-1.595443795428444611e+00,-1.306293596738125062e+00,-1.017143398047805514e+00,-6.035336356540288438e-01,-4.895410215759150030e-01,-5.577458074050793968e-01,-6.660149429520745290e-01
-1.306293596738125062e+00,-1.017143398047805514e+00,-7.279931993574858540e-01,-4.895410215759150030e-01,-5.577458074050793968e-01,-6.660149429520745290e-01,-6.717384214831932931e-01
-1.017143398047805514e+00,-7.279931993574858540e-01,-4.388430006671663053e-01,-5.577458074050793968e-01,-6.660149429520745290e-01,-6.717384214831932931e-01,-6.717384214831932931e-01
-7.279931993574858540e-01,-4.388430006671663053e-01,-1.496928019768467288e-01,-6.660149429520745290e-01,-6.717384214831932931e-01,-6.717384214831932931e-01,-6.583836382439163248e-01
-4.388430006671663053e-01,-1.496928019768467288e-01,1.394573967134728198e-01,-6.717384214831932931e-01,-6.717384214831932931e-01,-6.583836382439163248e-01,-6.369205937522212091e-01
-1.496928019768467288e-01,1.394573967134728198e-01,4.286075954037923963e-01,-6.717384214831932931e-01,-6.583836382439163248e-01,-6.369205937522212091e-01,-6.540910293455772795e-01
1.394573967134728198e-01,4.286075954037923963e-01,7.177577940941118895e-01,-6.583836382439163248e-01,-6.369205937522212091e-01,-6.540910293455772795e-01,-6.812775523683910484e-01
4.286075954037923963e-01,7.177577940941118895e-01,1.006907992784431549e+00,-6.369205937522212091e-01,-6.540910293455772795e-01,-6.812775523683910484e-01,-6.283353759555432294e-01
